Jours;Date;N1;N2;N3;N4;N5;C
Mercredi;18/11/2020;11;14;28;41;43;8
Lundi;16/11/2020;7;16;33;42;47;7
Samedi;14/11/2020;17;24;26;40;43;9
Vendredi;13/11/2020;2;27;38;43;44;10
Mercredi;11/11/2020;10;15;16;17;37;9
Lundi;09/11/2020;5;18;26;38;41;10
Samedi;07/11/2020;5;30;42;45;48;9
Mercredi;04/11/2020;9;10;14;16;29;1
Lundi;02/11/2020;31;33;38;42;43;3
Samedi;31/10/2020;9;13;22;28;35;5
Mercredi;28/10/2020;2;19;25;30;43;9
Lundi;26/10/2020;7;8;12;22;33;5
Samedi;24/10/2020;4;8;12;25;45;2
Mercredi;21/10/2020;15;21;33;35;48;1
Lundi;19/10/2020;7;25;28;35;48;1
Samedi;17/10/2020;9;20;23;24;28;4
Mercredi;14/10/2020;19;26;32;39;42;6
Lundi;12/10/2020;7;11;18;21;42;3
Samedi;10/10/2020;26;31;42;47;48;8
Mercredi;07/10/2020;6;17;19;30;49;2
Lundi;05/10/2020;5;6;9;19;22;5
Samedi;03/10/2020;9;18;31;33;36;2
Mercredi;30/09/2020;2;24;26;32;49;5
Lundi;28/09/2020;6;22;33;35;44;2
Samedi;26/09/2020;4;8;31;39;49;9
Mercredi;23/09/2020;5;11;23;25;33;5
Lundi;21/09/2020;16;19;38;41;46;9
Samedi;19/09/2020;27;32;33;42;46;7
Mercredi;16/09/2020;17;19;23;28;49;7
Lundi;14/09/2020;5;13;23;32;49;2
Samedi;12/09/2020;12;16;21;24;46;2
Mercredi;09/09/2020;20;24;29;45;48;3
Lundi;07/09/2020;14;31;35;37;44;7
Samedi;05/09/2020;15;19;22;24;46;3
Mercredi;02/09/2020;3;14;21;23;47;3
Lundi;31 aout 2020;4;7;11;16;17;10
Samedi;29 aout 2020;15;21;23;38;39;4
Mercredi;26 aout 2020;4;13;31;40;45;3
Lundi;24 aout 2020;18;19;22;28;37;2
Samedi;22 aout 2020;5;7;11;32;33;5
Mercredi;19 aout 2020;4;11;13;34;35;1
Lundi;17 aout 2020;1;6;39;40;48;6
Samedi;15 aout 2020;3;5;15;41;42;7
Mercredi;12 aout 2020;3;17;30;44;47;3
Lundi;10 aout 2020;1;2;11;28;38;6
Samedi;08 aout 2020;4;6;35;42;49;9
Mercredi;05 aout 2020;15;17;22;32;46;8
Lundi;03 aout 2020;23;30;42;43;48;7
Samedi;01 aout 2020;9;17;18;25;38;9
Mercredi;29/07/2020;7;19;39;46;47;5
Lundi;27/07/2020;15;19;24;25;45;3
Samedi;25/07/2020;6;10;15;18;48;4
Mercredi;22/07/2020;4;18;20;28;38;1
Lundi;20/07/2020;8;22;26;28;42;2
Samedi;18/07/2020;11;22;34;42;43;4
Mercredi;15/07/2020;4;6;12;35;44;3
Lundi;13/07/2020;2;3;24;35;46;8
Samedi;11/07/2020;6;28;32;35;40;7
Mercredi;08/07/2020;9;26;30;37;48;8
Lundi;06/07/2020;2;11;30;35;42;6
Samedi;04/07/2020;13;23;27;36;44;6
Mercredi;01/07/2020;5;13;14;44;47;8
Lundi;29/06/2020;20;21;29;46;47;7
Samedi;27/06/2020;1;2;6;27;39;4
Mercredi;24/06/2020;8;17;31;34;36;7
Lundi;22/06/2020;5;9;21;36;39;5
Samedi;20/06/2020;8;14;24;33;38;5
Mercredi;17/06/2020;10;13;20;26;46;1
Lundi;15/06/2020;2;22;26;47;49;2
Samedi;13/06/2020;5;6;25;28;32;4
Mercredi;10/06/2020;9;11;20;36;47;2
Lundi;08/06/2020;2;8;22;26;46;1
Samedi;06/06/2020;7;14;29;43;44;5
Mercredi;03/06/2020;12;13;16;26;44;6
Lundi;01/06/2020;2;24;26;32;36;7
Samedi;30/05/2020;5;14;16;42;44;9
Mercredi;27/05/2020;6;12;29;31;44;6
Lundi;25/05/2020;9;26;30;36;42;4
Samedi;23/05/2020;3;22;23;28;29;2
Mercredi;20/05/2020;14;20;39;45;47;8
Lundi;18/05/2020;10;14;20;30;35;9
Samedi;16/05/2020;19;26;27;41;46;4
Mercredi;13/05/2020;4;17;38;43;49;8
Lundi;11/05/2020;3;5;17;33;34;10
Samedi;09/05/2020;29;35;39;47;48;7
Mercredi;06/05/2020;10;14;15;36;48;3
Lundi;04/05/2020;8;9;15;33;39;10
Samedi;02/05/2020;9;12;22;30;43;4
Mercredi;29/04/2020;5;7;25;29;47;1
Lundi;27/04/2020;11;14;19;29;41;9
Samedi;25/04/2020;6;10;13;24;49;3
Mercredi;22/04/2020;28;30;40;41;43;7
Lundi;20/04/2020;5;7;9;37;41;6
Samedi;18/04/2020;1;27;33;45;47;8
Mercredi;15/04/2020;1;3;16;31;48;6
Lundi;13/04/2020;1;17;19;23;42;9
Samedi;11/04/2020;1;8;41;43;48;7
Mercredi;08/04/2020;6;9;16;19;26;9
Lundi;06/04/2020;7;18;23;29;35;4
Samedi;04/04/2020;2;35;39;40;42;9
Mercredi;01/04/2020;3;28;41;42;48;6
Lundi;30/03/2020;12;17;21;23;37;7
Samedi;28/03/2020;22;23;26;32;35;5
Mercredi;25/03/2020;24;32;34;40;45;1
Lundi;23/03/2020;5;21;28;48;49;2
Samedi;21/03/2020;7;8;16;37;42;8
Mercredi;18/03/2020;10;28;29;46;48;9
Lundi;16/03/2020;4;16;23;40;44;3
Samedi;14/03/2020;28;31;38;41;43;10
Vendredi;13/03/2020;7;18;19;36;46;2
Mercredi;11/03/2020;5;14;38;45;46;1
Lundi;09/03/2020;5;26;33;41;42;7
Samedi;07/03/2020;4;5;24;35;37;2
Mercredi;04/03/2020;10;17;30;33;49;4
Lundi;02/03/2020;21;26;39;40;42;5
Samedi;29 fevrier 2020;5;10;19;24;37;6
Mercredi;26 fevrier 2020;6;20;30;32;45;4
Lundi;24 fevrier 2020;9;15;20;27;47;7
Samedi;22 fevrier 2020;4;5;24;26;39;4
Mercredi;19 fevrier 2020;16;21;40;41;46;2
Lundi;17 fevrier 2020;7;19;39;41;44;1
Samedi;15 fevrier 2020;4;5;25;45;48;7
Vendredi;14 fevrier 2020;5;10;23;27;28;10
Mercredi;12 fevrier 2020;17;30;38;43;47;5
Lundi;10 fevrier 2020;15;25;37;38;49;8
Samedi;08 fevrier 2020;7;12;31;45;47;10
Mercredi;05 fevrier 2020;6;11;21;29;30;4
Lundi;03 fevrier 2020;7;20;31;33;49;4
Samedi;01 fevrier 2020;16;21;22;25;36;9
Mercredi;29/01/2020;6;14;30;31;45;8
Lundi;27/01/2020;7;10;12;27;41;1
Samedi;25/01/2020;7;11;17;30;36;5
Mercredi;22/01/2020;12;25;26;28;42;10
Lundi;20/01/2020;13;26;30;31;38;1
Samedi;18/01/2020;1;2;12;13;33;9
Mercredi;15/01/2020;8;19;22;35;46;2
Lundi;13/01/2020;11;14;16;25;32;9
Samedi;11/01/2020;2;13;14;23;48;3
Mercredi;08/01/2020;16;17;29;37;44;8
Lundi;06/01/2020;10;19;26;30;49;3
Samedi;04/01/2020;9;22;31;34;43;5
Mercredi;01/01/2020;4;7;11;24;32;10
Lundi;30 decembre 2019;12;32;34;38;48;6
Samedi;28 decembre 2019;8;18;24;48;49;8
Mercredi;25 decembre 2019;15;24;36;40;45;9
Mardi;24 decembre 2019;10;15;27;32;39;6
Lundi;23 decembre 2019;7;20;32;36;37;2
Samedi;21 decembre 2019;19;22;23;27;48;2
Mercredi;18 decembre 2019;5;6;7;17;23;9
Lundi;16 decembre 2019;10;26;35;38;39;6
Samedi;14 decembre 2019;3;4;17;38;48;9
Vendredi;13 decembre 2019;6;8;19;29;43;6
Mercredi;11 decembre 2019;1;25;33;40;48;8
Lundi;09 decembre 2019;1;15;24;25;34;8
Samedi;07 decembre 2019;10;29;38;40;44;8
Mercredi;04 decembre 2019;8;26;30;35;40;2
Lundi;02 decembre 2019;11;14;28;39;42;9
Samedi;30/11/2019;7;16;17;25;48;3
Mercredi;27/11/2019;2;15;18;29;44;4
Lundi;25/11/2019;33;35;38;41;44;8
Samedi;23/11/2019;4;9;22;27;28;4
Mercredi;20/11/2019;7;22;23;30;37;3
Lundi;18/11/2019;6;12;15;31;44;7
Samedi;16/11/2019;10;12;29;30;49;9
Mercredi;13/11/2019;10;13;19;22;35;1
Lundi;11/11/2019;13;14;25;27;28;5
Samedi;09/11/2019;6;18;24;26;29;3
Mercredi;06/11/2019;23;27;42;43;44;10
Lundi;04/11/2019;1;9;16;39;42;7
Samedi;02/11/2019;1;13;16;18;41;3
Mercredi;30/10/2019;2;13;22;46;48;1
Lundi;28/10/2019;17;18;35;36;46;4
Samedi;26/10/2019;11;13;20;30;44;9
Mercredi;23/10/2019;31;33;40;44;49;1
Lundi;21/10/2019;3;13;40;42;48;4
Samedi;19/10/2019;23;24;31;32;36;8
Mercredi;16/10/2019;5;18;19;30;35;2
Lundi;14/10/2019;6;16;18;24;48;9
Samedi;12/10/2019;10;12;16;27;37;9
Mercredi;09/10/2019;14;17;36;39;44;5
Lundi;07/10/2019;2;4;11;19;35;5
Samedi;05/10/2019;2;16;30;31;38;5
Mercredi;02/10/2019;32;33;35;37;49;3
Lundi;30/09/2019;2;23;33;43;47;2
Samedi;28/09/2019;12;15;18;19;40;5
Mercredi;25/09/2019;1;7;15;22;26;3
Lundi;23/09/2019;20;29;34;36;42;4
Samedi;21/09/2019;8;15;41;42;44;10
Mercredi;18/09/2019;3;5;6;16;36;10
Lundi;16/09/2019;13;31;32;35;42;5
Samedi;14/09/2019;18;19;23;26;28;9
Vendredi;13/09/2019;9;10;22;28;32;6
Mercredi;11/09/2019;6;14;19;27;35;10
Lundi;09/09/2019;2;5;28;42;44;8
Samedi;07/09/2019;2;12;16;27;30;2
Mercredi;04/09/2019;2;4;7;25;35;3
Lundi;02/09/2019;2;6;21;33;44;4
Samedi;31 aout 2019;19;21;25;38;47;4
Mercredi;28 aout 2019;7;14;25;42;47;5
Lundi;26 aout 2019;4;21;27;46;47;6
Samedi;24 aout 2019;15;17;23;31;38;4
Mercredi;21 aout 2019;1;3;17;25;38;8
Lundi;19 aout 2019;2;7;14;28;31;3
Samedi;17 aout 2019;1;8;21;28;37;2
Mercredi;14 aout 2019;17;27;34;45;48;2
Lundi;12 aout 2019;9;20;30;31;34;10
Samedi;10 aout 2019;4;9;12;18;37;3
Mercredi;07 aout 2019;5;26;28;29;36;4
Lundi;05 aout 2019;5;22;26;33;45;9
Samedi;03 aout 2019;4;5;7;10;23;4
Mercredi;31/07/2019;8;18;30;32;36;5
Lundi;29/07/2019;3;6;21;29;47;3
Samedi;27/07/2019;25;28;31;39;47;8
Mercredi;24/07/2019;10;25;32;39;40;10
Lundi;22/07/2019;7;11;28;37;44;3
Samedi;20/07/2019;17;18;21;29;35;6
Mercredi;17/07/2019;4;26;27;28;47;8
Lundi;15/07/2019;1;3;10;13;19;4
Dimanche;14/07/2019;8;20;26;30;45;1
Samedi;13/07/2019;18;27;37;48;49;10
Mercredi;10/07/2019;7;21;29;35;47;6
Lundi;08/07/2019;11;20;26;33;38;10
Samedi;06/07/2019;2;6;12;13;27;10
Mercredi;03/07/2019;8;31;38;39;45;8
Lundi;01/07/2019;3;17;23;38;41;3
Samedi;29/06/2019;1;3;4;42;46;3
Mercredi;26/06/2019;4;7;30;43;47;10
Lundi;24/06/2019;1;16;32;33;45;6
Samedi;22/06/2019;10;13;20;25;27;2
Mercredi;19/06/2019;4;18;36;45;46;5
Lundi;17/06/2019;12;13;20;31;49;2
Samedi;15/06/2019;2;13;20;30;37;6
Mercredi;12/06/2019;3;25;31;38;45;9
Lundi;10/06/2019;9;18;24;39;49;8
Samedi;08/06/2019;9;10;14;41;45;1
Mercredi;05/06/2019;17;26;28;38;47;7
Lundi;03/06/2019;9;12;33;41;42;1
Samedi;01/06/2019;13;20;26;35;45;3
Mercredi;29/05/2019;6;13;14;36;48;2
Lundi;27/05/2019;13;18;28;33;42;9
Samedi;25/05/2019;2;13;42;43;47;10
Mercredi;22/05/2019;1;27;37;48;49;1
Lundi;20/05/2019;14;29;32;41;43;1
Samedi;18/05/2019;4;10;19;42;46;5
Mercredi;15/05/2019;27;38;42;44;46;1
Lundi;13/05/2019;15;24;37;40;41;4
Samedi;11/05/2019;19;24;34;44;45;2
Mercredi;08/05/2019;2;4;16;20;35;5
Lundi;06/05/2019;5;23;24;35;38;3
Samedi;04/05/2019;3;18;24;29;38;9
Mercredi;01/05/2019;16;25;26;34;48;8
Lundi;29/04/2019;6;29;33;39;43;2
Samedi;27/04/2019;17;25;26;27;33;2
Mercredi;24/04/2019;3;11;13;15;35;3
Lundi;22/04/2019;5;7;21;29;39;7
Samedi;20/04/2019;4;15;30;45;49;3
Mercredi;17/04/2019;8;17;29;34;48;3
Lundi;15/04/2019;17;32;38;40;44;6
Samedi;13/04/2019;1;9;17;24;46;8
Mercredi;10/04/2019;14;16;22;23;42;5
Lundi;08/04/2019;9;13;15;24;26;9
Samedi;06/04/2019;13;19;24;26;27;7
Mercredi;03/04/2019;10;16;18;38;45;3
Lundi;01/04/2019;11;14;32;35;46;10
Samedi;30/03/2019;2;3;15;41;44;3
Mercredi;27/03/2019;10;19;25;45;49;1
Lundi;25/03/2019;22;23;24;46;47;2
Samedi;23/03/2019;1;12;26;28;40;6
Mercredi;20/03/2019;2;3;13;21;40;8
Lundi;18/03/2019;23;24;38;44;45;6
Samedi;16/03/2019;1;19;22;31;33;1
Mercredi;13/03/2019;5;8;20;29;32;3
Lundi;11/03/2019;5;6;16;24;25;1
Samedi;09/03/2019;15;32;35;43;47;10
Mercredi;06/03/2019;14;15;23;44;46;5
Lundi;04/03/2019;4;11;15;33;36;2
Samedi;02/03/2019;16;25;38;42;46;9
Mercredi;27 fevrier 2019;1;4;14;19;34;2
Lundi;25 fevrier 2019;7;37;38;44;48;7
Samedi;23 fevrier 2019;3;4;13;44;45;5
Mercredi;20 fevrier 2019;8;15;25;29;34;1
Lundi;18 fevrier 2019;7;9;11;18;33;9
Samedi;16 fevrier 2019;7;8;11;25;46;7
Mercredi;13 fevrier 2019;7;14;29;41;43;3
Lundi;11 fevrier 2019;13;15;25;43;48;5
Samedi;09 fevrier 2019;3;40;42;45;47;9
Mercredi;06 fevrier 2019;4;15;21;22;26;10
Lundi;04 fevrier 2019;12;24;37;40;42;1
Samedi;02 fevrier 2019;5;7;27;32;35;3
Mercredi;30/01/2019;11;15;20;30;47;9
Lundi;28/01/2019;6;15;30;37;47;6
Samedi;26/01/2019;12;14;16;30;42;2
Mercredi;23/01/2019;17;24;25;38;41;10
Lundi;21/01/2019;17;20;26;30;47;6
Samedi;19/01/2019;10;16;34;37;39;7
Mercredi;16/01/2019;1;10;11;15;31;3
Lundi;14/01/2019;1;11;33;35;44;10
Samedi;12/01/2019;11;19;24;25;34;8
Mercredi;09/01/2019;6;15;19;21;46;10
Lundi;07/01/2019;1;7;12;19;31;10
Samedi;05/01/2019;6;7;18;40;48;7
Mercredi;02/01/2019;2;12;26;29;36;7
Lundi;31 decembre 2018;14;24;27;34;43;10
Samedi;29 decembre 2018;12;26;30;38;42;5
Mercredi;26 decembre 2018;5;9;11;24;45;10
Mardi;25 decembre 2018;5;20;31;36;44;5
Lundi;24 decembre 2018;10;22;34;43;46;2
Samedi;22 decembre 2018;11;22;31;44;46;5
Mercredi;19 decembre 2018;3;10;11;21;25;3
Lundi;17 decembre 2018;2;9;25;30;35;9
Samedi;15 decembre 2018;1;3;30;32;38;6
Mercredi;12 decembre 2018;12;21;39;44;45;5
Lundi;10 decembre 2018;8;13;16;34;37;10
Samedi;08 decembre 2018;11;14;25;29;38;8
Mercredi;05 decembre 2018;6;17;18;19;41;9
Lundi;03 decembre 2018;1;9;15;19;39;5
Samedi;01 decembre 2018;3;6;15;23;39;2
Mercredi;28/11/2018;3;10;15;30;38;6
Lundi;26/11/2018;14;21;30;34;36;2
Samedi;24/11/2018;5;10;11;15;22;5
Mercredi;21/11/2018;20;21;22;23;45;10
Lundi;19/11/2018;20;21;28;33;46;7
Samedi;17/11/2018;12;20;22;27;42;7
Mercredi;14/11/2018;15;36;41;48;49;5
Lundi;12/11/2018;13;14;15;21;37;7
Samedi;10/11/2018;18;20;30;43;44;7
Mercredi;07/11/2018;3;6;20;27;33;8
Lundi;05/11/2018;9;11;29;32;39;8
Samedi;03/11/2018;6;8;9;29;39;2
Mercredi;31/10/2018;2;14;28;34;38;4
Lundi;29/10/2018;9;22;24;42;43;7
Samedi;27/10/2018;21;26;29;35;36;9
Mercredi;24/10/2018;9;28;34;36;45;6
Lundi;22/10/2018;4;10;19;29;47;6
Samedi;20/10/2018;7;12;17;31;48;8
Mercredi;17/10/2018;2;7;13;33;41;1
Lundi;15/10/2018;8;14;19;25;49;5
Samedi;13/10/2018;1;4;22;36;45;8
Mercredi;10/10/2018;4;5;24;29;38;3
Lundi;08/10/2018;1;4;23;24;46;2
Samedi;06/10/2018;1;8;39;48;49;9
Mercredi;03/10/2018;11;20;24;31;32;8
Lundi;01/10/2018;1;2;6;7;40;4
Samedi;29/09/2018;7;10;15;17;31;4
Mercredi;26/09/2018;10;15;18;36;40;3
Lundi;24/09/2018;6;8;12;17;30;3
Samedi;22/09/2018;14;18;37;38;39;9
Mercredi;19/09/2018;4;15;25;27;42;5
Lundi;17/09/2018;8;15;26;42;43;5
Samedi;15/09/2018;1;11;13;26;46;5
Vendredi;14/09/2018;4;19;22;30;45;7
Mercredi;12/09/2018;4;11;24;33;35;9
Lundi;10/09/2018;19;20;27;38;46;10
Samedi;08/09/2018;6;19;20;22;34;10
Mercredi;05/09/2018;6;7;15;34;39;1
Lundi;03/09/2018;1;2;15;18;41;10
Samedi;01/09/2018;11;32;35;41;42;6
Mercredi;29 aout 2018;17;19;31;40;45;1
Lundi;27 aout 2018;10;17;18;24;40;2
Samedi;25 aout 2018;6;15;16;29;44;3
Mercredi;22 aout 2018;6;12;16;40;42;3
Lundi;20 aout 2018;15;18;40;42;48;10
Samedi;18 aout 2018;16;31;33;37;49;8
Mercredi;15 aout 2018;6;21;27;40;47;8
Lundi;13 aout 2018;2;10;19;21;40;6
Samedi;11 aout 2018;14;27;41;44;46;5
Mercredi;08 aout 2018;5;15;19;24;29;8
Lundi;06 aout 2018;4;23;30;32;37;6
Samedi;04 aout 2018;9;23;32;38;41;3
Mercredi;01 aout 2018;15;17;35;45;47;4
Lundi;30/07/2018;7;13;33;41;43;2
Samedi;28/07/2018;7;13;18;21;23;10
Mercredi;25/07/2018;20;22;27;30;35;3
Lundi;23/07/2018;7;11;20;40;41;6
Samedi;21/07/2018;1;9;18;28;44;10
Mercredi;18/07/2018;18;26;27;35;43;7
Lundi;16/07/2018;3;9;16;31;36;1
Samedi;14/07/2018;3;20;37;45;47;3
Vendredi;13/07/2018;12;13;21;44;49;10
Mercredi;11/07/2018;1;11;22;42;46;4
Lundi;09/07/2018;9;19;21;36;40;1
Samedi;07/07/2018;3;10;11;34;41;10
Mercredi;04/07/2018;16;20;23;41;45;5
Lundi;02/07/2018;16;36;38;45;48;8
Samedi;30/06/2018;5;23;29;36;45;7
Mercredi;27/06/2018;8;9;11;26;41;10
Lundi;25/06/2018;9;13;14;21;32;5
Samedi;23/06/2018;10;32;36;41;49;10
Mercredi;20/06/2018;6;8;30;33;43;3
Lundi;18/06/2018;2;7;13;34;44;8
Samedi;16/06/2018;8;17;19;35;43;9
Mercredi;13/06/2018;15;20;29;48;49;1
Lundi;11/06/2018;14;25;41;44;49;4
Samedi;09/06/2018;5;7;9;12;16;10
Mercredi;06/06/2018;5;6;33;43;47;2
Lundi;04/06/2018;8;16;35;38;48;2
Samedi;02/06/2018;7;13;18;31;35;4
Mercredi;30/05/2018;4;33;36;41;44;6
Lundi;28/05/2018;10;21;23;25;35;10
Samedi;26/05/2018;2;3;24;26;43;8
Mercredi;23/05/2018;3;14;25;29;36;9
Lundi;21/05/2018;4;5;16;20;46;5
Samedi;19/05/2018;5;12;30;45;47;9
Mercredi;16/05/2018;7;23;37;41;44;8
Lundi;14/05/2018;1;5;23;33;40;8
Samedi;12/05/2018;5;6;9;23;47;10
Mercredi;09/05/2018;5;10;23;34;35;6
Lundi;07/05/2018;10;13;23;43;46;6
Samedi;05/05/2018;9;15;30;41;47;5
Mercredi;02/05/2018;1;8;10;14;21;10
Lundi;30/04/2018;7;36;43;48;49;7
Samedi;28/04/2018;14;31;36;40;47;2
Mercredi;25/04/2018;5;10;21;23;36;1
Lundi;23/04/2018;2;20;29;32;33;8
Samedi;21/04/2018;2;11;20;26;39;5
Mercredi;18/04/2018;11;17;18;38;46;8
Lundi;16/04/2018;6;16;21;25;26;5
Samedi;14/04/2018;1;5;24;36;49;7
Vendredi;13/04/2018;21;23;30;38;44;9
Mercredi;11/04/2018;1;17;32;40;46;8
Lundi;09/04/2018;1;20;28;32;42;6
Samedi;07/04/2018;7;10;26;34;45;7
Mercredi;04/04/2018;19;22;36;40;45;6
Lundi;02/04/2018;13;14;18;28;34;2
Samedi;31/03/2018;2;18;31;41;42;8
Mercredi;28/03/2018;5;15;39;43;45;10
Lundi;26/03/2018;4;10;17;27;37;10
Samedi;24/03/2018;11;26;31;35;44;9
Mercredi;21/03/2018;21;29;30;31;45;2
Lundi;19/03/2018;15;20;24;27;46;10
Samedi;17/03/2018;13;30;36;43;48;9
Mercredi;14/03/2018;3;4;13;36;46;10
Lundi;12/03/2018;7;10;13;27;38;8
Samedi;10/03/2018;5;18;21;23;47;6
Mercredi;07/03/2018;6;13;18;36;37;5
Lundi;05/03/2018;17;25;38;41;44;9
Samedi;03/03/2018;2;3;4;8;31;9
Mercredi;28 fevrier 2018;5;28;31;42;49;7
Lundi;26 fevrier 2018;13;34;37;39;42;3
Samedi;24 fevrier 2018;6;9;12;31;43;3
Mercredi;21 fevrier 2018;2;12;16;28;41;1
Lundi;19 fevrier 2018;8;9;28;29;32;2
Samedi;17 fevrier 2018;14;22;38;48;49;9
Mercredi;14 fevrier 2018;3;5;13;19;44;4
Lundi;12 fevrier 2018;3;27;32;35;48;9
Samedi;10 fevrier 2018;2;19;31;40;42;5
Mercredi;07 fevrier 2018;13;17;33;44;48;3
Lundi;05 fevrier 2018;1;7;29;30;45;7
Samedi;03 fevrier 2018;9;13;22;23;38;4
Mercredi;31/01/2018;4;16;26;29;49;1
Lundi;29/01/2018;11;21;27;32;36;6
Samedi;27/01/2018;9;10;34;39;45;10
Mercredi;24/01/2018;9;23;28;35;37;5
Lundi;22/01/2018;1;11;14;16;31;2
Samedi;20/01/2018;27;32;38;44;46;7
Mercredi;17/01/2018;4;16;25;40;49;3
Lundi;15/01/2018;2;5;15;22;28;2
Samedi;13/01/2018;20;31;35;36;48;10
Mercredi;10/01/2018;7;9;16;18;49;3
Lundi;08/01/2018;8;37;43;44;45;2
Samedi;06/01/2018;6;17;31;40;45;9
Mercredi;03/01/2018;4;23;27;34;44;4
Lundi;01/01/2018;7;9;10;14;43;1
Samedi;30 decembre 2017;12;13;28;35;40;8
Mercredi;27 decembre 2017;6;7;14;22;48;8
Lundi;25 decembre 2017;3;6;10;29;31;8
Samedi;23 decembre 2017;4;6;8;44;48;10
Vendredi;22 decembre 2017;10;20;21;29;34;9
Mercredi;20 decembre 2017;6;10;11;13;24;9
Lundi;18 decembre 2017;10;11;29;39;48;9
Samedi;16 decembre 2017;9;15;20;48;49;6
Mercredi;13 decembre 2017;17;24;28;43;49;8
Lundi;11 decembre 2017;26;29;34;43;47;4
Samedi;09 decembre 2017;10;23;46;48;49;8
Mercredi;06 decembre 2017;7;12;27;30;38;1
Lundi;04 decembre 2017;15;23;32;41;43;8
Samedi;02 decembre 2017;24;33;35;39;45;1
Mercredi;29/11/2017;3;8;12;13;20;4
Lundi;27/11/2017;5;6;36;39;46;6
Samedi;25/11/2017;1;2;43;47;48;10
Mercredi;22/11/2017;1;2;10;30;39;8
Lundi;20/11/2017;6;30;35;40;43;3
Samedi;18/11/2017;9;13;17;37;48;1
Mercredi;15/11/2017;10;12;14;16;35;6
Lundi;13/11/2017;3;24;29;30;43;5
Samedi;11/11/2017;1;36;40;47;48;3
Mercredi;08/11/2017;2;13;26;37;41;5
Lundi;06/11/2017;27;30;45;48;49;1
Samedi;04/11/2017;6;7;23;35;38;7
Mercredi;01/11/2017;8;9;18;26;32;1
Lundi;30/10/2017;12;32;34;42;44;5
Samedi;28/10/2017;5;12;22;29;47;8
Mercredi;25/10/2017;3;9;19;41;43;8
Lundi;23/10/2017;12;21;25;44;47;3
Samedi;21/10/2017;2;6;20;21;42;8
Mercredi;18/10/2017;5;12;13;24;25;7
Lundi;16/10/2017;5;30;32;39;48;8
Samedi;14/10/2017;18;20;38;43;47;3
Vendredi;13/10/2017;8;21;37;39;40;7
Mercredi;11/10/2017;6;15;29;44;48;4
Lundi;09/10/2017;3;6;15;30;47;9
Samedi;07/10/2017;8;37;41;44;46;3
Mercredi;04/10/2017;1;20;30;34;45;9
Lundi;02/10/2017;1;11;12;20;28;7
Samedi;30/09/2017;3;16;27;38;44;7
Mercredi;27/09/2017;10;13;16;35;42;4
Lundi;25/09/2017;16;17;33;34;37;6
Samedi;23/09/2017;15;19;22;33;37;4
Mercredi;20/09/2017;4;6;17;22;37;6
Lundi;18/09/2017;12;25;29;34;37;9
Samedi;16/09/2017;4;16;18;37;46;5
Mercredi;13/09/2017;4;18;25;33;45;1
Lundi;11/09/2017;12;23;42;45;48;9
Samedi;09/09/2017;13;15;19;39;44;1
Mercredi;06/09/2017;19;28;39;46;49;4
Lundi;04/09/2017;1;6;27;33;35;9
Samedi;02/09/2017;1;10;14;18;40;7
Mercredi;30 aout 2017;7;12;26;29;47;9
Lundi;28 aout 2017;6;8;20;24;42;6
Samedi;26 aout 2017;10;32;35;38;40;3
Mercredi;23 aout 2017;1;4;16;23;32;7
Lundi;21 aout 2017;8;14;27;36;43;5
Samedi;19 aout 2017;7;8;21;39;40;7
Mercredi;16 aout 2017;19;25;29;31;41;4
Lundi;14 aout 2017;2;9;13;15;39;4
Samedi;12 aout 2017;5;13;15;36;41;10
Mercredi;09 aout 2017;31;32;36;38;49;1
Lundi;07 aout 2017;14;21;24;38;42;4
Samedi;05 aout 2017;3;13;25;30;37;2
Mercredi;02 aout 2017;9;12;30;32;34;7
Lundi;31/07/2017;25;31;37;45;47;7
Samedi;29/07/2017;10;23;24;41;45;1
Mercredi;26/07/2017;3;13;25;35;44;2
Lundi;24/07/2017;11;14;21;35;38;3
Samedi;22/07/2017;5;16;28;30;40;9
Mercredi;19/07/2017;6;8;9;16;26;7
Lundi;17/07/2017;5;16;33;40;41;2
Samedi;15/07/2017;24;29;34;37;48;2
Mercredi;12/07/2017;3;16;18;31;43;5
Lundi;10/07/2017;17;18;21;23;43;4
Samedi;08/07/2017;9;30;31;43;46;10
Mercredi;05/07/2017;8;17;18;29;34;6
Lundi;03/07/2017;2;8;10;28;48;2
Samedi;01/07/2017;16;21;26;33;47;8
Mercredi;28/06/2017;9;29;30;37;48;1
Lundi;26/06/2017;1;5;29;38;49;9
Samedi;24/06/2017;23;24;27;35;48;5
Mercredi;21/06/2017;12;18;22;34;39;6
Lundi;19/06/2017;18;25;40;43;47;9
Samedi;17/06/2017;14;25;26;39;40;3
Mercredi;14/06/2017;31;41;43;44;49;5
Lundi;12/06/2017;4;5;7;27;29;5
Samedi;10/06/2017;8;34;36;37;49;10
Mercredi;07/06/2017;21;22;36;40;43;5
Lundi;05/06/2017;12;17;21;41;49;7
Samedi;03/06/2017;23;34;36;44;45;3
Mercredi;31/05/2017;1;9;27;36;41;1
Lundi;29/05/2017;1;39;40;41;43;9
Samedi;27/05/2017;8;9;17;28;40;8
Mercredi;24/05/2017;8;17;18;22;30;5
Lundi;22/05/2017;7;21;22;27;31;10
Samedi;20/05/2017;28;31;33;34;42;3
Mercredi;17/05/2017;6;22;25;30;44;7
Lundi;15/05/2017;1;5;13;22;27;1
Samedi;13/05/2017;9;13;16;28;47;10
Mercredi;10/05/2017;12;20;22;30;43;9
Lundi;08/05/2017;7;22;33;43;47;6
Samedi;06/05/2017;6;27;34;41;45;5
Mercredi;03/05/2017;6;15;20;27;46;3
Lundi;01/05/2017;16;18;35;37;46;6
Samedi;29/04/2017;34;37;44;46;48;9
Mercredi;26/04/2017;6;8;14;16;27;5
Lundi;24/04/2017;7;28;41;42;45;9
Samedi;22/04/2017;1;17;21;31;46;5
Mercredi;19/04/2017;38;39;41;47;48;9
Lundi;17/04/2017;4;8;33;36;46;7
Samedi;15/04/2017;28;29;40;41;49;5
Mercredi;12/04/2017;3;18;28;40;48;7
Lundi;10/04/2017;1;3;11;14;20;2
Samedi;08/04/2017;17;18;29;44;45;5
Mercredi;05/04/2017;6;10;20;40;42;10
Lundi;03/04/2017;3;9;16;34;44;3
Samedi;01/04/2017;2;9;25;44;46;9
Mercredi;29/03/2017;10;14;25;26;35;5
Lundi;27/03/2017;2;9;18;38;49;8
Samedi;25/03/2017;2;5;8;43;49;1
Mercredi;22/03/2017;2;11;25;28;43;5
Lundi;20/03/2017;13;28;39;40;42;1
Samedi;18/03/2017;1;6;18;30;33;2
Mercredi;15/03/2017;5;25;31;36;46;8
Lundi;13/03/2017;16;21;24;34;48;3
Samedi;11/03/2017;1;13;31;39;42;7
Mercredi;08/03/2017;16;40;42;46;47;2
Lundi;06/03/2017;3;6;10;26;41;9
Samedi;04/03/2017;4;14;28;32;37;4
Mercredi;01/03/2017;16;20;31;33;46;5
Lundi;27 fevrier 2017;3;16;17;37;47;5
Samedi;25 fevrier 2017;11;32;40;43;48;2
Mercredi;22 fevrier 2017;17;22;25;35;43;10
Lundi;20 fevrier 2017;15;20;29;41;43;10
Samedi;18 fevrier 2017;1;3;23;32;49;4
Mercredi;15 fevrier 2017;8;14;16;21;24;10
Lundi;13 fevrier 2017;5;16;18;39;44;3
Samedi;11 fevrier 2017;1;15;17;29;37;3
Mercredi;08 fevrier 2017;17;19;33;37;40;6
Lundi;06 fevrier 2017;19;30;31;33;40;2
Samedi;04 fevrier 2017;1;22;32;35;37;7
Mercredi;01 fevrier 2017;9;17;24;45;46;7
Lundi;30/01/2017;4;22;23;32;40;4
Samedi;28/01/2017;2;5;6;10;26;5
Mercredi;25/01/2017;4;10;19;20;28;2
Lundi;23/01/2017;5;15;17;31;49;9
Samedi;21/01/2017;8;31;32;36;40;6
Mercredi;18/01/2017;5;29;34;47;48;4
Lundi;16/01/2017;14;26;32;35;37;5
Samedi;14/01/2017;16;18;19;37;44;1
Vendredi;13/01/2017;6;10;12;24;30;2
Mercredi;11/01/2017;13;19;22;28;30;3
Lundi;09/01/2017;2;6;16;21;42;7
Samedi;07/01/2017;21;22;24;33;46;8
Mercredi;04/01/2017;16;17;26;36;38;7
Lundi;02/01/2017;11;19;31;38;40;5
Samedi;31 decembre 2016;4;33;43;45;49;8
Mercredi;28 decembre 2016;15;16;34;35;39;4
Lundi;26 decembre 2016;3;16;27;29;37;6
Samedi;24 decembre 2016;7;20;22;35;48;1
Mercredi;21 decembre 2016;17;22;25;39;42;6
Lundi;19 decembre 2016;3;17;26;40;41;7
Samedi;17 decembre 2016;2;5;13;16;32;5
Mercredi;14 decembre 2016;9;10;14;44;46;7
Lundi;12 decembre 2016;6;11;12;14;36;6
Samedi;10 decembre 2016;24;27;28;41;43;9
Mercredi;07 decembre 2016;2;5;7;44;45;3
Lundi;05 decembre 2016;6;23;26;29;30;4
Samedi;03 decembre 2016;4;11;13;38;44;7
Mercredi;30/11/2016;3;9;31;33;40;5
Lundi;28/11/2016;10;20;38;41;45;6
Samedi;26/11/2016;6;9;11;21;44;7
Mercredi;23/11/2016;2;7;12;25;47;7
Lundi;21/11/2016;3;7;12;18;45;8
Samedi;19/11/2016;34;36;41;46;48;7
Mercredi;16/11/2016;1;24;26;37;48;7
Lundi;14/11/2016;6;14;16;26;41;2
Samedi;12/11/2016;2;11;16;19;29;8
Mercredi;09/11/2016;3;8;14;22;47;5
Lundi;07/11/2016;1;6;21;31;46;6
Samedi;05/11/2016;6;16;21;34;42;5
Mercredi;02/11/2016;1;7;14;26;49;10
Lundi;31/10/2016;11;16;29;35;41;4
Samedi;29/10/2016;14;21;26;36;44;4
Mercredi;26/10/2016;1;20;35;40;46;10
Lundi;24/10/2016;17;18;23;29;36;7
Samedi;22/10/2016;3;29;35;41;43;8
Mercredi;19/10/2016;26;28;29;32;38;1
Lundi;17/10/2016;8;22;31;39;48;4
Samedi;15/10/2016;30;32;39;41;47;7
Mercredi;12/10/2016;2;19;23;34;47;2
Lundi;10/10/2016;3;9;18;19;48;2
Samedi;08/10/2016;5;26;28;35;46;9
Mercredi;05/10/2016;2;15;18;28;43;3
Lundi;03/10/2016;7;8;22;43;46;10
Samedi;01/10/2016;8;13;16;23;42;1
Mercredi;28/09/2016;29;42;44;45;46;3
Lundi;26/09/2016;4;19;23;26;27;7
Samedi;24/09/2016;31;32;33;41;43;10
Mercredi;21/09/2016;13;15;20;30;40;10
Lundi;19/09/2016;18;20;37;41;45;10
Samedi;17/09/2016;3;4;12;25;34;2
Vendredi;16/09/2016;7;14;23;31;36;2
Mercredi;14/09/2016;7;18;29;37;47;7
Lundi;12/09/2016;5;6;11;13;22;10
Samedi;10/09/2016;19;29;31;38;46;6
Mercredi;07/09/2016;13;26;34;38;42;9
Lundi;05/09/2016;7;30;42;43;48;4
Samedi;03/09/2016;24;36;45;47;49;5
Mercredi;31 aout 2016;10;12;19;26;47;1
Lundi;29 aout 2016;25;36;44;48;49;2
Samedi;27 aout 2016;2;21;23;31;45;8
Mercredi;24 aout 2016;3;4;34;41;42;2
Lundi;22 aout 2016;12;21;34;42;44;7
Samedi;20 aout 2016;10;15;28;35;43;9
Mercredi;17 aout 2016;12;21;24;35;40;4
Lundi;15 aout 2016;16;25;26;27;31;7
Samedi;13 aout 2016;1;6;9;33;46;6
Mercredi;10 aout 2016;7;17;19;30;49;3
Lundi;08 aout 2016;1;2;3;26;36;7
Samedi;06 aout 2016;7;12;25;31;44;10
Mercredi;03 aout 2016;18;24;27;39;44;3
Lundi;01 aout 2016;24;29;36;42;45;7
Samedi;30/07/2016;9;22;23;30;46;9
Mercredi;27/07/2016;7;8;19;34;44;6
Lundi;25/07/2016;1;3;5;29;46;4
Samedi;23/07/2016;2;15;21;27;33;10
Mercredi;20/07/2016;1;13;29;32;46;1
Lundi;18/07/2016;2;20;25;29;39;7
Samedi;16/07/2016;11;21;45;46;48;4
Mercredi;13/07/2016;7;28;30;34;47;10
Lundi;11/07/2016;2;25;27;35;36;4
Samedi;09/07/2016;3;6;15;39;46;10
Mercredi;06/07/2016;13;16;26;38;47;8
Lundi;04/07/2016;10;12;22;25;47;1
Samedi;02/07/2016;8;16;17;24;31;5
Mercredi;29/06/2016;9;14;17;22;48;10
Lundi;27/06/2016;8;22;23;24;41;7
Samedi;25/06/2016;16;19;20;35;49;3
Mercredi;22/06/2016;4;5;10;27;36;9
Lundi;20/06/2016;4;13;38;43;45;10
Samedi;18/06/2016;10;18;20;33;39;3
Mercredi;15/06/2016;2;5;8;33;34;10
Lundi;13/06/2016;5;8;21;28;36;8
Samedi;11/06/2016;7;17;22;44;46;6
Mercredi;08/06/2016;6;8;33;45;49;9
Lundi;06/06/2016;23;25;32;47;48;5
Samedi;04/06/2016;2;16;19;25;39;1
Mercredi;01/06/2016;22;26;27;35;44;10
Lundi;30/05/2016;6;7;13;38;40;3
Samedi;28/05/2016;1;3;13;14;19;6
Mercredi;25/05/2016;4;12;20;21;36;3
Lundi;23/05/2016;7;22;26;41;48;2
Samedi;21/05/2016;12;23;26;41;48;4
Mercredi;18/05/2016;1;22;38;40;49;9
Lundi;16/05/2016;6;16;31;36;38;1
Samedi;14/05/2016;1;27;28;30;42;5
Vendredi;13/05/2016;3;15;42;44;46;7
Mercredi;11/05/2016;15;19;29;31;44;10
Lundi;09/05/2016;4;11;14;24;29;1
Samedi;07/05/2016;14;20;33;35;42;4
Mercredi;04/05/2016;7;8;15;24;42;9
Lundi;02/05/2016;26;36;43;47;48;6
Samedi;30/04/2016;2;29;30;36;49;7
Mercredi;27/04/2016;9;25;36;44;45;10
Lundi;25/04/2016;13;18;19;22;39;6
Samedi;23/04/2016;2;15;17;22;26;7
Mercredi;20/04/2016;12;13;15;36;41;9
Lundi;18/04/2016;24;26;29;38;47;7
Samedi;16/04/2016;25;33;36;39;40;9
Mercredi;13/04/2016;2;4;31;34;49;4
Lundi;11/04/2016;4;25;26;29;34;2
Samedi;09/04/2016;14;16;39;42;49;6
Mercredi;06/04/2016;19;21;24;28;44;5
Lundi;04/04/2016;7;8;11;36;48;3
Samedi;02/04/2016;18;19;22;29;34;1
Mercredi;30/03/2016;20;23;35;43;46;6
Lundi;28/03/2016;2;4;15;26;28;2
Samedi;26/03/2016;1;3;14;17;20;1
Mercredi;23/03/2016;5;8;14;17;19;9
Lundi;21/03/2016;3;10;34;37;42;2
Samedi;19/03/2016;4;13;18;36;49;5
Mercredi;16/03/2016;7;9;11;18;43;10
Lundi;14/03/2016;14;19;27;36;39;8
Samedi;12/03/2016;9;17;25;27;46;6
Mercredi;09/03/2016;19;20;22;40;41;2
Lundi;07/03/2016;6;11;12;41;49;1
Samedi;05/03/2016;5;14;23;34;49;6
Mercredi;02/03/2016;20;34;40;44;48;2
Lundi;29 fevrier 2016;1;3;13;24;45;1
Samedi;27 fevrier 2016;10;11;13;28;47;6
Mercredi;24 fevrier 2016;1;18;20;44;49;7
Lundi;22 fevrier 2016;2;5;23;26;48;5
Samedi;20 fevrier 2016;9;20;33;34;41;8
Mercredi;17 fevrier 2016;2;17;29;34;40;10
Lundi;15 fevrier 2016;4;10;21;37;38;5
Samedi;13 fevrier 2016;10;27;30;38;41;4
Mercredi;10 fevrier 2016;1;27;44;46;48;10
Lundi;08 fevrier 2016;1;11;28;30;39;6
Samedi;06 fevrier 2016;2;25;28;41;44;9
Mercredi;03 fevrier 2016;5;24;25;28;44;3
Lundi;01 fevrier 2016;13;18;36;40;48;4
Samedi;30/01/2016;1;3;11;31;49;1
Mercredi;27/01/2016;31;32;37;44;48;9
Lundi;25/01/2016;4;10;12;38;41;3
Samedi;23/01/2016;3;15;33;41;42;3
Mercredi;20/01/2016;9;21;31;34;42;8
Lundi;18/01/2016;1;2;3;5;10;4
Samedi;16/01/2016;13;17;26;27;45;6
Mercredi;13/01/2016;3;11;30;33;35;2
Lundi;11/01/2016;14;19;29;41;43;9
Samedi;09/01/2016;4;22;39;45;49;6
Mercredi;06/01/2016;2;5;14;22;49;4
Lundi;04/01/2016;15;23;34;40;43;3
Samedi;02/01/2016;10;19;37;44;46;10
Mercredi;30 decembre 2015;1;2;16;25;34;5
Lundi;28 decembre 2015;7;10;12;20;45;7
Samedi;26 decembre 2015;15;20;21;38;43;1
Mercredi;23 decembre 2015;13;17;28;42;46;2
Lundi;21 decembre 2015;7;11;19;33;41;3
Samedi;19 decembre 2015;4;25;38;39;42;7
Mercredi;16 decembre 2015;22;24;35;41;46;10
Lundi;14 decembre 2015;7;11;20;31;49;7
Samedi;12 decembre 2015;2;13;15;34;40;8
Mercredi;09 decembre 2015;6;10;12;34;49;7
Lundi;07 decembre 2015;14;22;28;37;42;10
Samedi;05 decembre 2015;9;20;26;27;47;7
Mercredi;02 decembre 2015;3;9;10;39;45;7
Lundi;30/11/2015;5;19;27;35;40;9
Samedi;28/11/2015;12;19;30;37;46;9
Mercredi;25/11/2015;7;18;22;24;41;3
Lundi;23/11/2015;12;14;20;37;47;6
Samedi;21/11/2015;12;16;18;24;43;10
Mercredi;18/11/2015;1;5;23;25;47;1
Lundi;16/11/2015;12;28;40;42;47;1
Samedi;14/11/2015;10;29;34;37;47;10
Vendredi;13/11/2015;1;9;10;27;39;3
Mercredi;11/11/2015;1;6;13;15;17;2
Lundi;09/11/2015;8;25;32;37;39;10
Samedi;07/11/2015;4;7;23;28;32;1
Mercredi;04/11/2015;8;11;15;21;32;6
Lundi;02/11/2015;7;8;21;32;48;4
Samedi;31/10/2015;33;34;36;43;48;10
Mercredi;28/10/2015;2;5;17;30;49;2
Lundi;26/10/2015;4;17;19;23;49;3
Samedi;24/10/2015;7;11;12;29;39;2
Mercredi;21/10/2015;22;25;26;31;35;6
Lundi;19/10/2015;31;33;36;47;48;7
Samedi;17/10/2015;9;14;22;33;46;8
Mercredi;14/10/2015;6;20;33;35;38;2
Lundi;12/10/2015;1;3;4;16;49;4
Samedi;10/10/2015;15;23;30;41;45;7
Mercredi;07/10/2015;2;14;27;28;29;9
Lundi;05/10/2015;13;27;28;31;42;6
Samedi;03/10/2015;8;18;20;27;37;4
Mercredi;30/09/2015;15;16;18;26;35;7
Lundi;28/09/2015;23;36;37;39;49;8
Samedi;26/09/2015;4;13;14;21;24;1
Mercredi;23/09/2015;18;20;31;35;49;3
Lundi;21/09/2015;12;27;28;42;47;5
Samedi;19/09/2015;2;16;25;33;43;9
Mercredi;16/09/2015;7;11;17;34;42;6
Lundi;14/09/2015;3;37;43;48;49;2
Samedi;12/09/2015;1;30;31;38;41;10
Mercredi;09/09/2015;3;10;19;41;44;7
Lundi;07/09/2015;5;19;21;29;32;3
Samedi;05/09/2015;14;24;25;42;45;9
Mercredi;02/09/2015;6;9;17;28;29;2
Lundi;31 aout 2015;1;12;31;38;41;4
Samedi;29 aout 2015;2;23;38;40;43;8
Mercredi;26 aout 2015;15;26;37;41;44;8
Lundi;24 aout 2015;5;6;17;30;42;1
Samedi;22 aout 2015;4;19;20;29;49;9
Mercredi;19 aout 2015;6;21;34;38;45;4
Lundi;17 aout 2015;9;26;29;36;42;1
Samedi;15 aout 2015;6;13;25;47;49;4
Mercredi;12 aout 2015;1;8;15;24;43;2
Lundi;10 aout 2015;12;14;28;37;44;5
Samedi;08 aout 2015;8;11;12;33;35;9
Mercredi;05 aout 2015;9;10;22;34;36;4
Lundi;03 aout 2015;1;10;39;48;49;1
Samedi;01 aout 2015;9;23;24;31;34;9
Mercredi;29/07/2015;2;3;22;36;42;9
Lundi;27/07/2015;6;14;28;37;41;5
Samedi;25/07/2015;5;7;10;13;43;4
Mercredi;22/07/2015;24;30;31;33;36;1
Lundi;20/07/2015;2;17;24;29;31;1
Samedi;18/07/2015;18;35;37;41;45;3
Mercredi;15/07/2015;2;14;30;43;46;8
Lundi;13/07/2015;22;29;31;37;39;8
Samedi;11/07/2015;4;14;23;26;36;1
Mercredi;08/07/2015;5;20;32;39;42;7
Lundi;06/07/2015;12;17;35;36;43;3
Samedi;04/07/2015;4;29;38;40;49;3
Mercredi;01/07/2015;5;18;19;38;49;10
Lundi;29/06/2015;2;12;14;16;42;7
Samedi;27/06/2015;14;29;40;42;47;4
Mercredi;24/06/2015;25;29;38;41;49;2
Lundi;22/06/2015;24;35;37;38;43;2
Samedi;20/06/2015;3;8;13;32;37;4
Mercredi;17/06/2015;26;30;41;44;48;1
Lundi;15/06/2015;16;19;22;35;37;2
Samedi;13/06/2015;11;15;16;29;46;4
Mercredi;10/06/2015;8;12;19;40;46;8
Lundi;08/06/2015;3;8;9;41;44;10
Samedi;06/06/2015;4;24;29;30;47;3
Mercredi;03/06/2015;12;18;25;30;47;2
Lundi;01/06/2015;3;4;12;38;49;2
Samedi;30/05/2015;6;30;43;45;47;5
Mercredi;27/05/2015;8;22;29;32;42;3
Lundi;25/05/2015;15;29;35;44;49;3
Samedi;23/05/2015;12;19;26;41;45;7
Mercredi;20/05/2015;10;12;22;37;41;10
Lundi;18/05/2015;2;10;38;39;41;5
Samedi;16/05/2015;8;22;23;39;46;3
Mercredi;13/05/2015;6;15;22;37;45;5
Lundi;11/05/2015;1;28;31;34;49;4
Samedi;09/05/2015;4;8;29;40;46;3
Mercredi;06/05/2015;7;29;32;34;35;10
Lundi;04/05/2015;8;14;30;48;49;1
Samedi;02/05/2015;3;19;30;33;46;5
Mercredi;29/04/2015;2;20;35;42;49;3
Lundi;27/04/2015;5;15;28;41;43;4
Samedi;25/04/2015;10;20;27;29;30;6
Mercredi;22/04/2015;10;21;25;43;45;5
Lundi;20/04/2015;2;10;15;28;37;2
Samedi;18/04/2015;1;20;38;44;49;3
Mercredi;15/04/2015;6;10;30;39;43;5
Lundi;13/04/2015;9;36;41;43;48;2
Samedi;11/04/2015;5;17;33;41;45;9
Mercredi;08/04/2015;2;15;30;36;38;2
Lundi;06/04/2015;1;16;17;31;33;3
Samedi;04/04/2015;15;23;28;33;39;1
Mercredi;01/04/2015;13;20;21;25;41;4
Lundi;30/03/2015;4;10;13;20;32;1
Samedi;28/03/2015;19;20;27;39;40;8
Mercredi;25/03/2015;9;10;17;20;43;7
Lundi;23/03/2015;1;3;20;48;49;7
Samedi;21/03/2015;21;22;28;41;47;5
Mercredi;18/03/2015;4;10;15;26;30;5
Lundi;16/03/2015;7;11;35;48;49;7
Samedi;14/03/2015;3;8;14;30;39;10
Vendredi;13/03/2015;1;9;13;20;34;6
Mercredi;11/03/2015;1;2;35;36;49;4
Lundi;09/03/2015;26;28;31;34;35;5
Samedi;07/03/2015;3;9;18;43;48;2
Mercredi;04/03/2015;8;16;23;32;34;4
Lundi;02/03/2015;11;17;23;27;48;1
Samedi;28 fevrier 2015;5;14;30;36;46;6
Mercredi;25 fevrier 2015;20;29;30;44;47;1
Lundi;23 fevrier 2015;3;4;22;28;40;2
Samedi;21 fevrier 2015;3;13;27;45;47;4
Mercredi;18 fevrier 2015;9;21;25;29;44;7
Lundi;16 fevrier 2015;1;9;14;20;36;2
Samedi;14 fevrier 2015;2;26;27;38;41;7
Vendredi;13 fevrier 2015;5;19;23;32;37;8
Mercredi;11 fevrier 2015;13;17;24;40;45;3
Lundi;09 fevrier 2015;4;27;34;40;49;2
Samedi;07 fevrier 2015;7;19;21;29;37;2
Mercredi;04 fevrier 2015;9;24;28;35;49;4
Lundi;02 fevrier 2015;1;11;14;16;17;10
Samedi;31/01/2015;4;14;25;31;46;5
Mercredi;28/01/2015;9;12;16;33;41;1
Lundi;26/01/2015;17;18;27;35;40;6
Samedi;24/01/2015;5;13;21;36;44;1
Mercredi;21/01/2015;6;19;34;42;49;10
Lundi;19/01/2015;4;7;18;25;35;4
Samedi;17/01/2015;19;30;39;40;43;4
Mercredi;14/01/2015;2;7;18;21;23;6
Lundi;12/01/2015;13;15;20;27;34;1
Samedi;10/01/2015;2;5;18;23;33;4
Mercredi;07/01/2015;7;20;21;29;33;1
Lundi;05/01/2015;8;31;37;45;49;7
Samedi;03/01/2015;12;28;31;32;48;3
Mercredi;31 decembre 2014;34;37;41;43;46;10
Lundi;29 decembre 2014;26;27;30;44;49;1
Samedi;27 decembre 2014;4;20;34;39;48;10
Mercredi;24 decembre 2014;4;18;22;31;36;7
Lundi;22 decembre 2014;6;16;23;34;35;8
Samedi;20 decembre 2014;10;19;21;22;26;9
Mercredi;17 decembre 2014;6;8;13;32;46;10
Lundi;15 decembre 2014;15;23;41;42;47;4
Samedi;13 decembre 2014;10;13;20;38;43;1
Mercredi;10 decembre 2014;3;8;11;16;27;6
Lundi;08 decembre 2014;10;14;32;43;47;10
Samedi;06 decembre 2014;10;18;20;37;43;8
Mercredi;03 decembre 2014;11;26;28;31;49;7
Lundi;01 decembre 2014;40;43;44;48;49;8
Samedi;29/11/2014;2;18;44;47;49;2
Mercredi;26/11/2014;5;12;20;34;47;3
Lundi;24/11/2014;17;18;32;47;49;3
Samedi;22/11/2014;1;9;22;26;44;10
Mercredi;19/11/2014;13;14;18;29;41;3
Lundi;17/11/2014;16;23;35;47;48;10
Samedi;15/11/2014;3;16;23;28;39;10
Mercredi;12/11/2014;13;19;23;27;40;5
Lundi;10/11/2014;6;18;23;24;30;7
Samedi;08/11/2014;7;14;27;40;46;5
Mercredi;05/11/2014;1;24;27;37;46;1
Lundi;03/11/2014;18;24;34;44;45;8
Samedi;01/11/2014;2;9;29;36;48;10
Mercredi;29/10/2014;6;17;18;29;32;9
Lundi;27/10/2014;12;13;28;32;33;6
Samedi;25/10/2014;14;24;39;47;49;4
Mercredi;22/10/2014;10;19;33;35;47;2
Lundi;20/10/2014;13;21;26;30;40;5
Samedi;18/10/2014;1;15;24;27;43;7
Mercredi;15/10/2014;9;28;37;41;46;10
Lundi;13/10/2014;1;12;15;29;30;1
Samedi;11/10/2014;10;15;19;24;28;9
Mercredi;08/10/2014;4;13;21;23;43;10
Lundi;06/10/2014;9;20;22;40;46;7
Samedi;04/10/2014;12;14;29;41;45;7
Mercredi;01/10/2014;16;17;27;42;44;8
Lundi;29/09/2014;4;17;28;33;41;5
Samedi;27/09/2014;9;26;29;35;38;5
Mercredi;24/09/2014;10;16;25;38;49;9
Lundi;22/09/2014;1;13;26;31;44;6
Samedi;20/09/2014;22;25;31;34;46;6
Mercredi;17/09/2014;3;6;10;18;23;4
Lundi;15/09/2014;2;10;16;35;44;6
Samedi;13/09/2014;7;23;27;28;33;1
Mercredi;10/09/2014;6;16;26;31;40;7
Lundi;08/09/2014;1;17;40;42;43;10
Samedi;06/09/2014;3;13;14;15;42;7
Mercredi;03/09/2014;4;10;13;20;38;4
Lundi;01/09/2014;16;22;38;42;47;1
Samedi;30 aout 2014;6;25;30;36;40;8
Mercredi;27 aout 2014;4;14;22;32;44;2
Lundi;25 aout 2014;9;26;31;43;45;1
Samedi;23 aout 2014;7;17;21;26;29;7
Mercredi;20 aout 2014;15;22;31;33;41;4
Lundi;18 aout 2014;1;19;24;45;46;3
Samedi;16 aout 2014;9;22;23;37;40;4
Mercredi;13 aout 2014;3;13;18;28;43;5
Lundi;11 aout 2014;11;25;32;36;46;7
Samedi;09 aout 2014;4;5;9;21;34;7
Mercredi;06 aout 2014;13;15;21;34;41;8
Lundi;04 aout 2014;16;24;28;36;43;6
Samedi;02 aout 2014;4;8;25;32;41;10
Mercredi;30/07/2014;7;8;9;13;25;9
Lundi;28/07/2014;1;14;42;43;45;9
Samedi;26/07/2014;1;5;22;41;43;4
Mercredi;23/07/2014;1;8;15;24;32;6
Lundi;21/07/2014;3;9;10;21;27;4
Samedi;19/07/2014;8;29;43;44;45;6
Mercredi;16/07/2014;3;28;36;42;49;7
Lundi;14/07/2014;21;32;37;38;41;9
Samedi;12/07/2014;1;13;22;23;29;1
Mercredi;09/07/2014;4;6;8;34;36;5
Lundi;07/07/2014;13;14;31;32;41;10
Samedi;05/07/2014;3;7;11;25;33;6
Mercredi;02/07/2014;8;27;36;39;47;3
Lundi;30/06/2014;5;24;27;46;47;2
Samedi;28/06/2014;13;22;24;40;43;3
Mercredi;25/06/2014;4;5;23;30;41;4
Lundi;23/06/2014;4;31;32;38;40;4
Samedi;21/06/2014;3;11;29;30;32;1
Mercredi;18/06/2014;9;13;18;30;47;3
Lundi;16/06/2014;3;5;16;37;42;1
Samedi;14/06/2014;5;7;18;24;34;5
Vendredi;13/06/2014;3;40;42;46;48;4
Mercredi;11/06/2014;9;15;22;32;42;6
Lundi;09/06/2014;10;34;35;45;47;9
Samedi;07/06/2014;5;21;37;38;45;2
Mercredi;04/06/2014;3;8;22;36;43;3
Lundi;02/06/2014;22;26;35;41;47;5
Samedi;31/05/2014;2;14;16;28;40;1
Mercredi;28/05/2014;8;9;26;46;48;7
Lundi;26/05/2014;3;8;32;39;40;1
Samedi;24/05/2014;17;18;24;39;40;1
Mercredi;21/05/2014;1;9;23;35;49;1
Lundi;19/05/2014;8;9;40;41;49;3
Samedi;17/05/2014;32;37;41;43;48;7
Mercredi;14/05/2014;5;6;21;25;33;1
Lundi;12/05/2014;2;12;33;36;43;5
Samedi;10/05/2014;6;15;17;21;37;4
Mercredi;07/05/2014;1;6;11;46;47;5
Lundi;05/05/2014;2;16;19;28;37;10
Samedi;03/05/2014;5;11;16;36;41;5
Mercredi;30/04/2014;19;23;32;35;43;10
Lundi;28/04/2014;19;32;36;45;49;7
Samedi;26/04/2014;2;3;14;38;43;4
Mercredi;23/04/2014;3;10;29;30;39;10
Lundi;21/04/2014;9;18;20;27;38;1
Samedi;19/04/2014;12;21;22;40;45;8
Mercredi;16/04/2014;8;12;25;26;49;1
Lundi;14/04/2014;7;11;14;43;45;3
Samedi;12/04/2014;5;10;16;34;42;10
Mercredi;09/04/2014;12;14;28;38;39;10
Lundi;07/04/2014;11;13;23;31;42;4
Samedi;05/04/2014;9;13;22;40;45;5
Mercredi;02/04/2014;6;16;28;34;41;4
Lundi;31/03/2014;2;6;7;28;32;4
Samedi;29/03/2014;12;19;28;29;45;4
Mercredi;26/03/2014;11;21;38;40;47;6
Lundi;24/03/2014;18;21;37;39;41;9
Samedi;22/03/2014;4;14;20;26;49;2
Mercredi;19/03/2014;5;19;26;27;28;9
Lundi;17/03/2014;8;19;22;33;45;6
Samedi;15/03/2014;5;15;26;30;37;4
Mercredi;12/03/2014;1;20;25;36;42;10
Lundi;10/03/2014;4;6;16;30;43;9
Samedi;08/03/2014;6;15;35;40;46;7
Mercredi;05/03/2014;1;12;31;32;42;1
Lundi;03/03/2014;21;28;36;40;41;10
Samedi;01/03/2014;4;5;15;17;20;5
Mercredi;26 fevrier 2014;5;19;22;33;41;1
Lundi;24 fevrier 2014;5;8;18;21;38;7
Samedi;22 fevrier 2014;1;26;30;32;48;10
Mercredi;19 fevrier 2014;25;27;32;44;47;7
Lundi;17 fevrier 2014;1;9;20;23;32;1
Samedi;15 fevrier 2014;4;12;18;33;49;9
Vendredi;14 fevrier 2014;8;18;24;44;47;7
Mercredi;12 fevrier 2014;7;10;15;16;48;7
Lundi;10 fevrier 2014;11;17;18;41;45;2
Samedi;08 fevrier 2014;6;7;14;38;39;7
Mercredi;05 fevrier 2014;2;7;16;41;48;8
Lundi;03 fevrier 2014;1;5;13;33;44;2
Samedi;01 fevrier 2014;2;10;21;41;48;6
Mercredi;29/01/2014;2;6;8;25;35;8
Lundi;27/01/2014;1;19;33;46;48;4
Samedi;25/01/2014;14;17;18;30;37;5
Mercredi;22/01/2014;1;22;38;40;42;7
Lundi;20/01/2014;1;10;35;40;42;5
Samedi;18/01/2014;1;2;37;43;47;8
Mercredi;15/01/2014;7;20;30;35;37;6
Lundi;13/01/2014;3;20;29;33;47;4
Samedi;11/01/2014;8;18;25;35;39;9
Mercredi;08/01/2014;4;14;29;42;45;8
Lundi;06/01/2014;13;17;19;29;30;9
Samedi;04/01/2014;1;6;16;29;45;5
Mercredi;01/01/2014;6;26;34;37;39;7
Lundi;30 decembre 2013;11;20;22;41;44;8
Samedi;28 decembre 2013;1;16;20;26;32;7
Mercredi;25 decembre 2013;23;24;28;36;45;3
Lundi;23 decembre 2013;18;29;34;37;41;5
Samedi;21 decembre 2013;10;18;19;24;33;4
Mercredi;18 decembre 2013;8;30;36;38;46;1
Lundi;16 decembre 2013;1;31;33;36;37;6
Samedi;14 decembre 2013;8;18;30;45;46;1
Vendredi;13 decembre 2013;1;6;16;32;41;1
Mercredi;11 decembre 2013;4;27;39;40;43;8
Lundi;09 decembre 2013;6;20;24;33;45;6
Samedi;07 decembre 2013;2;8;14;17;34;7
Mercredi;04 decembre 2013;21;25;27;29;34;3
Lundi;02 decembre 2013;19;33;34;36;40;5
Samedi;30/11/2013;2;19;20;36;40;2
Mercredi;27/11/2013;11;12;16;34;45;9
Lundi;25/11/2013;4;15;16;27;42;4
Samedi;23/11/2013;2;4;12;33;48;9
Mercredi;20/11/2013;14;18;28;35;46;1
Lundi;18/11/2013;3;28;29;36;46;10
Samedi;16/11/2013;20;29;33;38;44;8
Mercredi;13/11/2013;7;16;36;38;47;6
Lundi;11/11/2013;12;16;32;42;48;9
Samedi;09/11/2013;9;12;30;33;39;4
Mercredi;06/11/2013;6;16;20;30;40;3
Lundi;04/11/2013;8;13;15;18;24;6
Samedi;02/11/2013;4;7;12;13;18;9
Mercredi;30/10/2013;14;21;35;46;48;1
Lundi;28/10/2013;8;14;23;32;44;8
Samedi;26/10/2013;3;35;40;42;47;7
Mercredi;23/10/2013;5;10;11;20;22;3
Lundi;21/10/2013;17;25;32;35;36;7
Samedi;19/10/2013;8;25;33;44;49;1
Mercredi;16/10/2013;9;12;14;23;40;8
Lundi;14/10/2013;15;19;21;33;35;4
Samedi;12/10/2013;4;17;22;24;32;8
Mercredi;09/10/2013;1;12;18;20;26;2
Lundi;07/10/2013;6;15;16;31;46;5
Samedi;05/10/2013;7;9;14;27;38;9
Mercredi;02/10/2013;6;11;17;21;39;7
Lundi;30/09/2013;10;15;26;28;45;9
Samedi;28/09/2013;1;9;29;34;45;5
Mercredi;25/09/2013;2;6;12;43;44;5
Lundi;23/09/2013;1;2;11;21;36;1
Samedi;21/09/2013;16;17;26;30;41;9
Mercredi;18/09/2013;4;26;35;40;45;3
Lundi;16/09/2013;6;15;24;26;38;5
Samedi;14/09/2013;18;24;28;43;49;7
Vendredi;13/09/2013;7;14;19;36;49;10
Mercredi;11/09/2013;6;7;13;23;35;2
Lundi;09/09/2013;3;5;22;23;35;7
Samedi;07/09/2013;1;11;24;25;44;3
Mercredi;04/09/2013;6;17;25;42;49;6
Lundi;02/09/2013;8;16;20;41;46;8
Samedi;31 aout 2013;2;3;14;26;33;7
Mercredi;28 aout 2013;2;23;30;33;40;1
Lundi;26 aout 2013;1;9;14;25;49;10
Samedi;24 aout 2013;5;11;29;39;41;7
Mercredi;21 aout 2013;11;12;26;38;39;10
Lundi;19 aout 2013;2;3;25;40;46;9
Samedi;17 aout 2013;26;32;33;41;43;10
Mercredi;14 aout 2013;5;17;22;30;35;2
Lundi;12 aout 2013;4;11;21;28;38;7
Samedi;10 aout 2013;5;15;19;24;41;5
Mercredi;07 aout 2013;3;16;33;40;45;4
Lundi;05 aout 2013;6;11;24;39;43;4
Samedi;03 aout 2013;17;22;27;33;44;9
Mercredi;31/07/2013;8;23;28;31;41;7
Lundi;29/07/2013;4;34;35;36;40;5
Samedi;27/07/2013;10;29;35;37;44;4
Mercredi;24/07/2013;19;27;36;37;44;3
Lundi;22/07/2013;7;12;29;32;38;1
Samedi;20/07/2013;9;17;28;30;48;7
Mercredi;17/07/2013;8;16;17;31;48;4
Lundi;15/07/2013;7;33;34;43;44;9
Samedi;13/07/2013;10;21;28;31;37;8
Mercredi;10/07/2013;14;24;31;37;39;7
Lundi;08/07/2013;8;24;25;26;44;5
Samedi;06/07/2013;12;13;30;35;44;2
Mercredi;03/07/2013;2;7;25;36;39;4
Lundi;01/07/2013;5;21;31;37;38;6
Samedi;29/06/2013;8;9;14;23;37;7
Mercredi;26/06/2013;12;16;19;29;39;8
Lundi;24/06/2013;5;10;19;24;29;1
Samedi;22/06/2013;16;21;26;35;37;8
Mercredi;19/06/2013;17;19;22;32;43;1
Lundi;17/06/2013;1;3;17;38;39;1
Samedi;15/06/2013;4;23;26;32;38;2
Mercredi;12/06/2013;3;20;40;44;46;4
Lundi;10/06/2013;3;13;15;32;35;1
Samedi;08/06/2013;17;19;29;32;33;2
Mercredi;05/06/2013;4;23;25;27;41;1
Lundi;03/06/2013;4;14;25;34;38;9
Samedi;01/06/2013;6;7;8;21;30;3
Mercredi;29/05/2013;23;34;41;45;48;7
Lundi;27/05/2013;9;13;15;28;37;2
Samedi;25/05/2013;7;13;36;40;42;2
Mercredi;22/05/2013;2;3;13;17;34;9
Lundi;20/05/2013;9;23;25;27;47;3
Samedi;18/05/2013;4;5;7;17;20;3
Mercredi;15/05/2013;8;11;13;27;32;4
Lundi;13/05/2013;15;23;29;40;49;5
Samedi;11/05/2013;3;16;26;45;49;9
Mercredi;08/05/2013;5;13;15;25;43;10
Lundi;06/05/2013;13;15;23;24;48;7
Samedi;04/05/2013;6;13;15;40;45;4
Mercredi;01/05/2013;4;7;31;32;41;9
Lundi;29/04/2013;11;12;21;27;39;9
Samedi;27/04/2013;9;17;19;26;39;10
Mercredi;24/04/2013;1;5;6;13;48;9
Lundi;22/04/2013;11;14;16;22;37;1
Samedi;20/04/2013;3;9;24;28;42;9
Mercredi;17/04/2013;12;16;29;32;38;8
Lundi;15/04/2013;20;21;26;45;46;3
Samedi;13/04/2013;22;23;33;41;43;4
Mercredi;10/04/2013;3;9;18;28;45;5
Lundi;08/04/2013;6;8;19;37;38;2
Samedi;06/04/2013;1;15;29;33;42;7
Vendredi;05/04/2013;7;12;14;32;47;9
Mercredi;03/04/2013;18;36;37;42;45;8
Lundi;01/04/2013;10;16;27;43;47;2
Samedi;30/03/2013;9;10;26;30;34;2
Mercredi;27/03/2013;21;24;33;47;49;3
Lundi;25/03/2013;10;14;25;29;41;4
Samedi;23/03/2013;9;11;17;24;41;6
Mercredi;20/03/2013;1;5;12;37;49;7
Lundi;18/03/2013;10;18;20;24;32;9
Samedi;16/03/2013;5;16;33;38;46;5
Mercredi;13/03/2013;12;13;34;40;41;7
Lundi;11/03/2013;7;8;16;44;49;6
Samedi;09/03/2013;4;11;22;40;49;5
Mercredi;06/03/2013;26;28;36;42;44;4
Lundi;04/03/2013;1;9;30;45;47;10
Samedi;02/03/2013;5;18;22;30;38;2
Mercredi;27 fevrier 2013;6;21;25;34;40;7
Lundi;25 fevrier 2013;14;17;18;43;46;2
Samedi;23 fevrier 2013;30;36;42;45;47;5
Mercredi;20 fevrier 2013;6;7;8;27;42;1
Lundi;18 fevrier 2013;2;5;13;19;41;5
Samedi;16 fevrier 2013;4;19;26;27;34;6
Mercredi;13 fevrier 2013;14;19;39;46;48;2
Lundi;11 fevrier 2013;1;25;36;42;45;7
Samedi;09 fevrier 2013;2;4;5;23;47;7
Mercredi;06 fevrier 2013;3;7;25;33;40;1
Lundi;04 fevrier 2013;6;18;30;33;34;2
Samedi;02 fevrier 2013;6;7;33;34;45;3
Mercredi;30/01/2013;11;31;40;41;48;5
Lundi;28/01/2013;20;28;29;38;40;9
Samedi;26/01/2013;2;18;23;34;39;6
Mercredi;23/01/2013;9;11;19;36;49;6
Lundi;21/01/2013;7;22;32;35;38;6
Samedi;19/01/2013;9;22;23;42;45;8
Mercredi;16/01/2013;6;16;24;27;46;5
Lundi;14/01/2013;7;10;30;35;37;6
Samedi;12/01/2013;6;13;37;40;48;7
Mercredi;09/01/2013;22;26;29;30;33;9
Lundi;07/01/2013;15;31;32;45;48;5
Samedi;05/01/2013;6;30;45;46;47;6
Mercredi;02/01/2013;21;22;31;33;37;4
Lundi;31 decembre 2012;4;21;36;44;47;3
Samedi;29 decembre 2012;7;11;23;37;45;4
Mercredi;26 decembre 2012;2;3;5;17;31;9
Lundi;24 decembre 2012;5;7;12;32;47;6
Samedi;22 decembre 2012;1;2;24;34;47;1
Mercredi;19 decembre 2012;5;10;19;25;49;8
Lundi;17 decembre 2012;16;27;29;32;39;5
Samedi;15 decembre 2012;11;24;26;33;41;9
Mercredi;12 decembre 2012;19;20;32;36;37;4
Lundi;10 decembre 2012;4;16;20;36;47;8
Samedi;08 decembre 2012;22;24;28;45;47;2
Mercredi;05 decembre 2012;24;27;28;36;45;8
Lundi;03 decembre 2012;6;11;16;25;39;6
Samedi;01 decembre 2012;12;19;25;44;45;10
Mercredi;28/11/2012;4;11;16;28;34;1
Lundi;26/11/2012;9;15;35;44;48;6
Samedi;24/11/2012;5;18;19;21;28;2
Mercredi;21/11/2012;4;6;10;43;46;10
Lundi;19/11/2012;1;3;6;16;41;1
Samedi;17/11/2012;6;8;27;33;37;7
Mercredi;14/11/2012;21;29;39;40;46;8
Lundi;12/11/2012;6;20;25;45;48;7
Samedi;10/11/2012;3;17;19;43;46;5
Mercredi;07/11/2012;2;16;21;34;40;7
Lundi;05/11/2012;9;14;27;33;37;7
Samedi;03/11/2012;9;11;15;22;36;8
Mercredi;31/10/2012;5;16;23;29;41;1
Lundi;29/10/2012;13;16;19;38;46;7
Samedi;27/10/2012;2;10;29;41;47;1
Mercredi;24/10/2012;5;17;24;30;40;7
Lundi;22/10/2012;14;24;25;28;41;5
Samedi;20/10/2012;11;14;24;34;41;5
Mercredi;17/10/2012;10;13;19;20;32;2
Lundi;15/10/2012;7;11;23;39;44;8
Samedi;13/10/2012;1;16;35;41;49;4
Vendredi;12/10/2012;13;20;45;48;49;3
Mercredi;10/10/2012;3;16;19;35;37;3
Lundi;08/10/2012;13;24;27;32;39;2
Samedi;06/10/2012;1;27;30;39;47;4
Mercredi;03/10/2012;16;24;25;26;44;1
Lundi;01/10/2012;2;29;34;40;41;6
Samedi;29/09/2012;7;10;18;21;47;1
Mercredi;26/09/2012;12;29;38;42;46;9
Lundi;24/09/2012;1;18;21;40;41;6
Samedi;22/09/2012;17;23;25;37;44;9
Mercredi;19/09/2012;5;27;34;41;49;7
Lundi;17/09/2012;7;14;16;17;25;7
Samedi;15/09/2012;15;17;21;37;43;2
Mercredi;12/09/2012;1;12;32;38;49;8
Lundi;10/09/2012;3;19;25;28;43;9
Samedi;08/09/2012;9;15;22;34;43;4
Mercredi;05/09/2012;1;8;10;26;37;4
Lundi;03/09/2012;18;22;27;34;37;3
Samedi;01/09/2012;5;13;22;25;28;10
Mercredi;29 aout 2012;8;11;20;26;29;9
Lundi;27 aout 2012;7;8;18;32;40;5
Samedi;25 aout 2012;2;9;10;13;29;9
Mercredi;22 aout 2012;13;14;18;22;33;7
Lundi;20 aout 2012;11;26;27;33;45;2
Samedi;18 aout 2012;2;12;25;26;42;7
Mercredi;15 aout 2012;2;13;15;19;24;5
Lundi;13 aout 2012;4;12;16;25;49;4
Samedi;11 aout 2012;1;7;10;44;45;9
Mercredi;08 aout 2012;1;11;32;35;42;4
Lundi;06 aout 2012;7;10;12;34;47;7
Samedi;04 aout 2012;25;26;29;34;49;6
Mercredi;01 aout 2012;11;17;30;33;45;6
Lundi;30/07/2012;4;6;13;35;38;3
Samedi;28/07/2012;4;6;7;29;39;3
Mercredi;25/07/2012;14;16;17;32;36;6
Lundi;23/07/2012;23;28;31;38;40;3
Samedi;21/07/2012;1;3;22;40;44;3
Mercredi;18/07/2012;4;25;26;28;32;5
Lundi;16/07/2012;3;6;19;32;37;2
Samedi;14/07/2012;5;22;40;41;44;6
Vendredi;13/07/2012;16;27;42;47;49;8
Mercredi;11/07/2012;20;21;23;30;36;9
Lundi;09/07/2012;15;26;38;41;45;3
Samedi;07/07/2012;1;5;17;30;44;1
Mercredi;04/07/2012;13;17;37;39;40;6
Lundi;02/07/2012;2;6;7;15;46;5
Samedi;30/06/2012;1;12;13;42;45;4
Mercredi;27/06/2012;1;5;11;22;41;7
Lundi;25/06/2012;10;11;13;27;40;7
Samedi;23/06/2012;6;12;27;41;47;3
Mercredi;20/06/2012;15;33;36;41;47;5
Lundi;18/06/2012;5;7;16;37;38;3
Samedi;16/06/2012;1;14;27;31;39;6
Mercredi;13/06/2012;3;8;20;33;48;10
Lundi;11/06/2012;4;6;16;20;29;1
Samedi;09/06/2012;13;14;18;20;25;6
Mercredi;06/06/2012;12;13;21;23;24;6
Lundi;04/06/2012;35;38;40;42;43;4
Samedi;02/06/2012;9;22;26;34;39;1
Mercredi;30/05/2012;5;9;13;17;30;3
Lundi;28/05/2012;15;30;38;41;42;3
Samedi;26/05/2012;27;29;40;41;47;7
Mercredi;23/05/2012;1;3;19;35;49;9
Lundi;21/05/2012;7;19;23;37;45;10
Samedi;19/05/2012;11;23;24;42;48;2
Mercredi;16/05/2012;15;21;22;31;49;1
Lundi;14/05/2012;3;11;22;26;43;6
Samedi;12/05/2012;6;19;20;22;34;5
Mercredi;09/05/2012;18;26;32;36;41;4
Lundi;07/05/2012;12;13;21;26;46;10
Samedi;05/05/2012;8;10;11;21;37;9
Mercredi;02/05/2012;3;26;29;35;38;1
Lundi;30/04/2012;4;18;22;32;39;4
Samedi;28/04/2012;2;10;22;37;48;4
Mercredi;25/04/2012;15;20;29;30;44;7
Lundi;23/04/2012;9;24;33;34;45;6
Samedi;21/04/2012;3;18;31;41;48;10
Mercredi;18/04/2012;3;5;20;24;34;3
Lundi;16/04/2012;1;2;13;16;21;2
Samedi;14/04/2012;1;3;22;40;45;1
Vendredi;13/04/2012;3;8;15;34;36;8
Mercredi;11/04/2012;15;19;27;29;49;1
Lundi;09/04/2012;2;14;26;31;33;10
Samedi;07/04/2012;19;42;45;46;47;8
Mercredi;04/04/2012;11;27;36;38;40;8
Lundi;02/04/2012;3;19;23;33;39;2
Samedi;31/03/2012;1;2;16;25;26;9
Mercredi;28/03/2012;4;15;17;20;45;9
Lundi;26/03/2012;13;14;29;36;49;6
Samedi;24/03/2012;8;11;13;18;48;8
Mercredi;21/03/2012;8;14;37;43;48;5
Lundi;19/03/2012;4;10;11;15;28;4
Samedi;17/03/2012;13;14;23;32;49;1
Mercredi;14/03/2012;7;13;31;36;43;9
Lundi;12/03/2012;14;16;25;46;48;10
Samedi;10/03/2012;2;4;37;40;44;5
Mercredi;07/03/2012;6;16;22;31;39;7
Lundi;05/03/2012;17;28;30;31;34;3
Samedi;03/03/2012;2;3;24;27;39;8
Mercredi;29 fevrier 2012;11;14;17;27;35;4
Lundi;27 fevrier 2012;8;23;33;41;45;1
Samedi;25 fevrier 2012;4;7;8;19;27;1
Mercredi;22 fevrier 2012;11;31;33;39;43;10
Lundi;20 fevrier 2012;3;9;31;34;35;5
Samedi;18 fevrier 2012;5;17;47;48;49;6
Mercredi;15 fevrier 2012;10;11;22;31;36;1
Lundi;13 fevrier 2012;9;22;23;24;36;5
Samedi;11 fevrier 2012;11;12;32;36;46;6
Mercredi;08 fevrier 2012;12;15;19;27;37;3
Lundi;06 fevrier 2012;13;15;24;29;49;3
Samedi;04 fevrier 2012;9;10;17;32;38;3
Mercredi;01 fevrier 2012;2;5;16;43;49;7
Lundi;30/01/2012;1;22;32;35;40;8
Samedi;28/01/2012;12;15;18;23;47;6
Mercredi;25/01/2012;2;8;23;30;48;5
Lundi;23/01/2012;20;25;39;44;48;6
Samedi;21/01/2012;1;17;23;31;36;4
Mercredi;18/01/2012;9;13;21;33;42;4
Lundi;16/01/2012;29;36;38;39;47;8
Samedi;14/01/2012;1;19;29;38;49;8
Vendredi;13/01/2012;19;22;33;44;46;8
Mercredi;11/01/2012;7;9;23;36;44;7
Lundi;09/01/2012;15;25;26;32;34;4
Samedi;07/01/2012;1;6;8;10;12;8
Mercredi;04/01/2012;2;10;23;34;43;5
Lundi;02/01/2012;3;16;24;30;36;9
Samedi;31 decembre 2011;2;17;28;32;35;2
Mercredi;28 decembre 2011;16;31;36;39;41;5
Lundi;26 decembre 2011;23;28;36;42;43;4
Samedi;24 decembre 2011;7;10;11;12;28;8
Mercredi;21 decembre 2011;27;33;37;42;45;2
Lundi;19 decembre 2011;13;23;26;35;42;5
Samedi;17 decembre 2011;9;34;37;38;41;5
Mercredi;14 decembre 2011;14;21;33;42;48;1
Lundi;12 decembre 2011;1;16;25;29;48;1
Samedi;10 decembre 2011;14;26;28;30;43;8
Mercredi;07 decembre 2011;8;31;32;35;48;1
Lundi;05 decembre 2011;30;36;38;43;47;5
Samedi;03 decembre 2011;6;26;31;34;49;1
Mercredi;30/11/2011;2;4;29;42;49;2
Lundi;28/11/2011;1;2;11;15;24;9
Samedi;26/11/2011;3;16;31;39;47;1
Mercredi;23/11/2011;6;10;16;21;39;5
Lundi;21/11/2011;18;31;33;46;49;1
Samedi;19/11/2011;22;33;34;37;45;5
Mercredi;16/11/2011;12;17;27;37;41;10
Lundi;14/11/2011;3;18;22;25;43;7
Samedi;12/11/2011;12;13;33;44;48;7
Mercredi;09/11/2011;8;12;17;23;37;2
Lundi;07/11/2011;2;11;18;30;47;5
Samedi;05/11/2011;2;13;20;32;38;10
Mercredi;02/11/2011;2;35;38;42;44;9
Lundi;31/10/2011;13;21;24;37;47;7
Samedi;29/10/2011;12;17;38;42;46;8
Mercredi;26/10/2011;2;3;6;20;35;1
Lundi;24/10/2011;5;15;17;18;31;7
Samedi;22/10/2011;6;29;32;44;45;7
Mercredi;19/10/2011;3;23;35;38;44;8
Lundi;17/10/2011;4;13;14;18;48;10
Samedi;15/10/2011;5;13;27;37;39;3
Mercredi;12/10/2011;9;12;20;25;30;5
Lundi;10/10/2011;3;15;16;45;47;7
Samedi;08/10/2011;21;22;30;31;44;7
Mercredi;05/10/2011;2;7;20;27;42;5
Lundi;03/10/2011;4;12;27;28;40;1
Samedi;01/10/2011;14;15;25;32;38;3
Mercredi;28/09/2011;3;8;16;36;42;3
Lundi;26/09/2011;4;11;33;44;49;9
Samedi;24/09/2011;4;33;36;40;41;6
Mercredi;21/09/2011;16;19;20;40;46;4
Lundi;19/09/2011;1;13;27;35;48;7
Samedi;17/09/2011;1;2;15;23;40;4
Mercredi;14/09/2011;5;11;14;16;42;3
Lundi;12/09/2011;13;18;30;32;45;2
Samedi;10/09/2011;1;10;15;24;28;5
Mercredi;07/09/2011;3;12;13;40;41;7
Lundi;05/09/2011;7;10;17;22;23;5
Samedi;03/09/2011;7;13;41;42;47;5
Mercredi;31 aout 2011;5;7;9;39;42;3
Lundi;29 aout 2011;3;10;12;30;46;2
Samedi;27 aout 2011;13;19;21;27;45;2
Mercredi;24 aout 2011;3;4;17;36;47;4
Lundi;22 aout 2011;17;36;38;40;44;1
Samedi;20 aout 2011;21;22;31;40;49;4
Mercredi;17 aout 2011;3;8;29;45;49;9
Lundi;15 aout 2011;1;3;4;8;23;8
Samedi;13 aout 2011;3;4;5;13;41;9
Mercredi;10 aout 2011;4;27;28;29;38;2
Lundi;08 aout 2011;1;12;18;26;30;9
Samedi;06 aout 2011;4;13;15;17;39;4
Mercredi;03 aout 2011;4;5;17;19;20;10
Lundi;01 aout 2011;10;25;32;37;43;3
Samedi;30/07/2011;8;12;20;41;46;1
Mercredi;27/07/2011;4;5;6;7;11;10
Lundi;25/07/2011;3;11;22;38;41;7
Samedi;23/07/2011;13;18;32;43;46;5
Mercredi;20/07/2011;6;18;23;26;45;6
Lundi;18/07/2011;5;19;26;38;47;7
Samedi;16/07/2011;18;27;35;37;42;3
Mercredi;13/07/2011;4;12;16;41;46;6
Lundi;11/07/2011;7;23;43;47;48;9
Samedi;09/07/2011;4;15;31;44;45;6
Mercredi;06/07/2011;3;9;10;24;33;6
Lundi;04/07/2011;14;25;31;37;46;4
Samedi;02/07/2011;1;7;11;26;49;5
Mercredi;29/06/2011;1;11;18;37;38;4
Lundi;27/06/2011;5;12;14;20;43;3
Samedi;25/06/2011;6;10;17;39;43;3
Mercredi;22/06/2011;21;22;26;28;33;5
Lundi;20/06/2011;2;8;23;27;36;9
Samedi;18/06/2011;9;12;33;43;46;10
Mercredi;15/06/2011;9;36;37;41;47;8
Lundi;13/06/2011;3;17;18;22;28;6
Samedi;11/06/2011;5;32;37;39;44;5
Mercredi;08/06/2011;11;16;20;24;40;5
Lundi;06/06/2011;10;13;22;30;45;1
Samedi;04/06/2011;3;4;15;27;35;2
Mercredi;01/06/2011;25;26;30;32;45;5
Lundi;30/05/2011;14;20;21;22;47;9
Samedi;28/05/2011;1;2;3;5;43;9
Mercredi;25/05/2011;14;27;34;38;45;3
Lundi;23/05/2011;15;19;29;33;38;3
Samedi;21/05/2011;5;14;15;27;35;10
Mercredi;18/05/2011;16;17;23;27;47;1
Lundi;16/05/2011;9;11;41;43;46;8
Samedi;14/05/2011;3;31;35;38;42;8
Vendredi;13/05/2011;11;16;34;39;45;8
Mercredi;11/05/2011;14;26;28;38;45;5
Lundi;09/05/2011;3;13;22;26;48;7
Samedi;07/05/2011;3;28;37;38;42;8
Mercredi;04/05/2011;7;11;13;29;44;2
Lundi;02/05/2011;1;4;23;25;40;2
Samedi;30/04/2011;2;8;9;42;49;3
Mercredi;27/04/2011;5;14;23;26;28;6
Lundi;25/04/2011;2;10;18;21;34;2
Samedi;23/04/2011;8;21;28;32;40;9
Mercredi;20/04/2011;15;17;18;33;41;9
Lundi;18/04/2011;6;7;10;21;22;5
Samedi;16/04/2011;6;17;24;35;47;8
Mercredi;13/04/2011;6;23;33;38;43;1
Lundi;11/04/2011;3;13;22;32;47;6
Samedi;09/04/2011;6;20;22;31;41;8
Mercredi;06/04/2011;1;12;19;32;44;3
Lundi;04/04/2011;10;12;13;23;37;7
Samedi;02/04/2011;5;7;24;35;46;3
Vendredi;01/04/2011;19;28;29;39;45;8
Mercredi;30/03/2011;15;23;27;29;43;10
Lundi;28/03/2011;10;15;16;43;46;1
Samedi;26/03/2011;4;17;26;30;34;9
Mercredi;23/03/2011;4;10;13;21;24;5
Lundi;21/03/2011;3;23;28;31;40;1
Samedi;19/03/2011;1;10;11;23;26;8
Mercredi;16/03/2011;7;14;20;23;32;4
Lundi;14/03/2011;27;32;34;36;38;7
Samedi;12/03/2011;15;16;22;33;34;9
Mercredi;09/03/2011;3;9;15;29;43;8
Lundi;07/03/2011;7;9;17;23;38;5
Samedi;05/03/2011;11;27;31;44;45;2
Mercredi;02/03/2011;2;3;20;22;40;7
Lundi;28 fevrier 2011;17;20;31;40;49;6
Samedi;26 fevrier 2011;10;24;26;35;48;1
Mercredi;23 fevrier 2011;2;5;21;28;33;10
Lundi;21 fevrier 2011;9;20;21;36;46;6
Samedi;19 fevrier 2011;1;2;25;32;49;6
Mercredi;16 fevrier 2011;8;32;33;35;44;9
Lundi;14 fevrier 2011;9;31;35;40;48;1
Samedi;12 fevrier 2011;2;4;13;38;45;2
Mercredi;09 fevrier 2011;15;27;31;41;43;7
Lundi;07 fevrier 2011;6;8;25;35;49;1
Samedi;05 fevrier 2011;1;6;22;31;37;7
Mercredi;02 fevrier 2011;6;22;23;27;44;3
Lundi;31/01/2011;3;10;13;20;43;5
Samedi;29/01/2011;12;14;31;33;44;8
Mercredi;26/01/2011;6;17;23;45;48;1
Lundi;24/01/2011;3;6;9;39;48;4
Samedi;22/01/2011;6;8;13;27;31;7
Mercredi;19/01/2011;1;4;12;13;36;4
Lundi;17/01/2011;21;24;36;48;49;5
Samedi;15/01/2011;6;26;29;36;43;8
Mercredi;12/01/2011;17;28;30;40;41;7
Lundi;10/01/2011;11;33;35;37;40;4
Samedi;08/01/2011;12;30;31;34;47;10
Mercredi;05/01/2011;4;5;27;32;47;5
Lundi;03/01/2011;10;18;30;34;37;2
Samedi;01/01/2011;11;34;43;46;49;3
Vendredi;31 decembre 2010;1;8;15;23;30;7
Mercredi;29 decembre 2010;11;15;29;46;47;3
Lundi;27 decembre 2010;13;30;39;42;44;9
Samedi;25 decembre 2010;7;10;16;29;30;5
Vendredi;24 decembre 2010;21;25;38;42;43;9
Mercredi;22 decembre 2010;1;8;18;29;36;9
Lundi;20 decembre 2010;6;9;13;23;32;4
Samedi;18 decembre 2010;11;22;35;40;41;7
Mercredi;15 decembre 2010;4;6;16;28;37;8
Lundi;13 decembre 2010;6;9;14;40;49;3
Samedi;11 decembre 2010;3;9;11;28;38;1
Mercredi;08 decembre 2010;4;15;19;24;44;1
Lundi;06 decembre 2010;13;25;30;33;36;9
Samedi;04 decembre 2010;7;12;15;24;33;6
Mercredi;01 decembre 2010;14;31;32;34;46;3
Lundi;29/11/2010;15;16;23;30;41;8
Samedi;27/11/2010;9;10;15;43;44;5
Mercredi;24/11/2010;14;20;22;32;47;5
Lundi;22/11/2010;4;17;21;23;26;2
Samedi;20/11/2010;1;11;12;27;29;2
Mercredi;17/11/2010;4;9;30;38;46;10
Lundi;15/11/2010;14;17;20;33;47;1
Samedi;13/11/2010;5;17;25;29;38;2
Mercredi;10/11/2010;16;20;39;47;48;4
Lundi;08/11/2010;6;9;14;35;47;9
Samedi;06/11/2010;7;19;24;35;42;3
Mercredi;03/11/2010;6;15;33;46;49;1
Lundi;01/11/2010;1;15;17;24;28;10
Samedi;30/10/2010;4;14;22;35;38;5
Mercredi;27/10/2010;3;13;15;32;46;5
Lundi;25/10/2010;4;10;36;40;41;10
Samedi;23/10/2010;9;14;16;47;49;7
Mercredi;20/10/2010;11;13;18;24;33;7
Lundi;18/10/2010;1;26;29;31;38;5
Samedi;16/10/2010;1;13;22;37;46;9
Mercredi;13/10/2010;9;22;25;33;44;3
Lundi;11/10/2010;1;4;9;20;35;8
Samedi;09/10/2010;2;17;23;26;43;3
Mercredi;06/10/2010;6;25;33;37;43;1
Lundi;04/10/2010;7;9;29;31;46;8
Samedi;02/10/2010;7;13;16;35;41;1
Mercredi;29/09/2010;25;26;32;33;41;3
Lundi;27/09/2010;1;15;22;23;46;9
Samedi;25/09/2010;5;12;21;29;42;2
Mercredi;22/09/2010;2;14;17;37;38;1
Lundi;20/09/2010;1;17;25;37;45;9
Samedi;18/09/2010;1;7;11;33;43;1
Mercredi;15/09/2010;1;8;30;38;40;6
Lundi;13/09/2010;8;25;33;39;43;8
Samedi;11/09/2010;7;13;36;41;45;5
Mercredi;08/09/2010;13;21;24;44;47;3
Lundi;06/09/2010;17;19;22;29;43;8
Samedi;04/09/2010;9;11;15;42;49;3
Mercredi;01/09/2010;16;20;21;33;39;2
Lundi;30 aout 2010;3;16;22;28;49;4
Samedi;28 aout 2010;13;16;18;19;20;2
Mercredi;25 aout 2010;19;23;36;39;49;3
Lundi;23 aout 2010;9;16;28;41;49;5
Samedi;21 aout 2010;8;14;29;44;48;7
Mercredi;18 aout 2010;23;27;43;46;49;6
Lundi;16 aout 2010;13;22;28;31;40;9
Samedi;14 aout 2010;9;11;21;27;49;5
Vendredi;13 aout 2010;19;29;32;41;43;5
Mercredi;11 aout 2010;5;7;8;22;26;2
Lundi;09 aout 2010;7;8;15;18;25;6
Samedi;07 aout 2010;5;6;27;43;46;7
Mercredi;04 aout 2010;8;9;22;32;46;8
Lundi;02 aout 2010;16;32;37;38;44;3
Samedi;31/07/2010;2;8;25;28;44;4
Mercredi;28/07/2010;7;10;25;37;47;10
Lundi;26/07/2010;4;23;37;42;43;7
Samedi;24/07/2010;7;16;18;33;43;5
Mercredi;21/07/2010;3;9;21;43;45;1
Lundi;19/07/2010;10;16;24;27;47;5
Samedi;17/07/2010;20;22;28;32;47;6
Mercredi;14/07/2010;5;11;26;30;48;1
Lundi;12/07/2010;11;15;24;38;47;6
Samedi;10/07/2010;12;27;30;32;42;7
Mercredi;07/07/2010;20;26;31;47;49;10
Lundi;05/07/2010;22;31;33;39;43;10
Samedi;03/07/2010;2;10;28;33;46;8
Mercredi;30/06/2010;14;17;18;28;44;2
Lundi;28/06/2010;12;19;41;42;49;8
Samedi;26/06/2010;7;11;16;37;47;10
Mercredi;23/06/2010;1;16;27;35;41;1
Lundi;21/06/2010;24;35;37;45;48;2
Samedi;19/06/2010;19;21;23;36;49;4
Mercredi;16/06/2010;3;9;15;40;48;10
Lundi;14/06/2010;15;23;45;48;49;2
Samedi;12/06/2010;15;24;30;43;48;7
Mercredi;09/06/2010;14;20;24;44;48;10
Lundi;07/06/2010;26;28;29;42;48;1
Samedi;05/06/2010;22;31;37;43;45;5
Mercredi;02/06/2010;11;14;17;23;43;10
Lundi;31/05/2010;5;32;33;46;49;1
Samedi;29/05/2010;21;26;33;46;49;1
Mercredi;26/05/2010;3;6;22;35;47;1
Lundi;24/05/2010;3;8;12;29;35;1
Samedi;22/05/2010;2;17;40;46;48;10
Mercredi;19/05/2010;12;17;24;30;38;7
Lundi;17/05/2010;9;26;27;29;36;5
Samedi;15/05/2010;9;27;31;32;44;8
Mercredi;12/05/2010;14;22;23;27;28;4
Lundi;10/05/2010;4;10;33;35;41;5
Samedi;08/05/2010;1;16;29;31;39;2
Mercredi;05/05/2010;4;10;18;27;30;1
Lundi;03/05/2010;8;11;12;26;48;6
Samedi;01/05/2010;3;6;28;39;42;5
Mercredi;28/04/2010;9;25;34;38;49;1
Lundi;26/04/2010;4;7;24;29;46;10
Samedi;24/04/2010;3;17;27;34;41;4
Mercredi;21/04/2010;1;9;24;26;35;4
Lundi;19/04/2010;2;17;22;38;44;8
Samedi;17/04/2010;9;16;24;32;42;3
Mercredi;14/04/2010;2;9;12;21;29;7
Lundi;12/04/2010;4;11;31;36;46;10
Samedi;10/04/2010;13;22;33;36;49;4
Mercredi;07/04/2010;2;11;28;33;43;1
Lundi;05/04/2010;17;18;21;36;47;6
Samedi;03/04/2010;20;35;39;42;48;2
Mercredi;31/03/2010;21;28;39;46;49;1
Lundi;29/03/2010;2;34;41;44;46;2
Samedi;27/03/2010;9;21;42;43;46;6
Mercredi;24/03/2010;8;9;28;35;42;6
Lundi;22/03/2010;25;29;34;44;47;9
Samedi;20/03/2010;2;15;28;36;49;3
Mercredi;17/03/2010;1;9;18;24;46;7
Lundi;15/03/2010;1;4;15;18;38;6
Samedi;13/03/2010;6;8;16;32;37;7
Mercredi;10/03/2010;1;13;36;44;48;2
Lundi;08/03/2010;10;11;23;43;49;10
Samedi;06/03/2010;5;9;18;26;36;9
Mercredi;03/03/2010;2;17;23;25;37;7
Lundi;01/03/2010;8;11;19;48;49;7
Samedi;27 fevrier 2010;2;10;13;35;40;1
Mercredi;24 fevrier 2010;1;2;27;31;45;8
Lundi;22 fevrier 2010;11;18;24;41;48;2
Samedi;20 fevrier 2010;23;34;36;39;49;8
Mercredi;17 fevrier 2010;22;23;26;29;40;5
Lundi;15 fevrier 2010;8;15;24;39;48;8
Samedi;13 fevrier 2010;1;3;7;14;38;5
Mercredi;10 fevrier 2010;6;11;12;19;45;10
Lundi;08 fevrier 2010;7;13;24;36;42;4
Samedi;06 fevrier 2010;5;16;18;34;37;5
Mercredi;03 fevrier 2010;7;13;30;44;48;7
Lundi;01 fevrier 2010;1;18;29;39;40;2
Samedi;30/01/2010;18;21;26;44;47;3
Mercredi;27/01/2010;5;10;15;43;45;9
Lundi;25/01/2010;6;8;31;36;45;9
Samedi;23/01/2010;2;13;24;39;48;1
Mercredi;20/01/2010;13;28;37;45;48;9
Lundi;18/01/2010;7;8;22;28;38;10
Samedi;16/01/2010;3;21;32;33;38;10
Mercredi;13/01/2010;4;7;14;31;37;8
Lundi;11/01/2010;6;20;24;31;36;4
Samedi;09/01/2010;4;14;23;35;46;7
Mercredi;06/01/2010;19;31;38;44;49;3
Lundi;04/01/2010;18;21;32;33;41;9
Samedi;02/01/2010;5;17;23;43;49;4
Mercredi;30 decembre 2009;2;5;15;21;39;10
Lundi;28 decembre 2009;12;15;23;27;46;6
Samedi;26 decembre 2009;6;7;16;25;41;5
Mercredi;23 decembre 2009;15;17;18;24;44;6
Lundi;21 decembre 2009;3;27;28;38;42;9
Samedi;19 decembre 2009;6;9;15;16;40;6
Mercredi;16 decembre 2009;15;23;30;39;49;5
Lundi;14 decembre 2009;8;13;26;38;46;2
Samedi;12 decembre 2009;4;13;18;30;39;1
Mercredi;09 decembre 2009;1;11;22;23;31;1
Lundi;07 decembre 2009;19;20;33;42;43;5
Samedi;05 decembre 2009;7;16;22;28;39;7
Mercredi;02 decembre 2009;10;20;21;28;47;6
Lundi;30/11/2009;7;12;23;27;43;6
Samedi;28/11/2009;15;35;37;39;41;4
Mercredi;25/11/2009;11;14;15;33;39;6
Lundi;23/11/2009;3;12;13;30;37;8
Samedi;21/11/2009;12;20;33;40;46;6
Mercredi;18/11/2009;1;19;20;22;24;6
Lundi;16/11/2009;19;20;27;32;36;7
Samedi;14/11/2009;16;24;28;39;47;9
Vendredi;13/11/2009;14;15;17;21;48;8
Mercredi;11/11/2009;7;17;22;41;47;6
Lundi;09/11/2009;1;2;3;29;48;9
Samedi;07/11/2009;1;3;13;18;41;1
Mercredi;04/11/2009;18;19;22;23;33;1
Lundi;02/11/2009;9;17;23;34;40;9
Samedi;31/10/2009;23;27;30;36;39;2
Mercredi;28/10/2009;7;8;11;30;37;3
Lundi;26/10/2009;1;3;42;47;49;7
Samedi;24/10/2009;15;27;28;38;39;10
Mercredi;21/10/2009;1;10;15;26;49;7
Lundi;19/10/2009;3;4;6;11;31;1
Samedi;17/10/2009;8;12;16;20;49;5
Mercredi;14/10/2009;6;24;35;36;42;2
Lundi;12/10/2009;7;28;38;43;48;5
Samedi;10/10/2009;1;3;16;23;38;3
Mercredi;07/10/2009;1;4;12;21;46;8
Lundi;05/10/2009;11;12;20;21;32;4
Samedi;03/10/2009;7;9;15;47;49;7
Mercredi;30/09/2009;2;5;33;35;40;4
Lundi;28/09/2009;3;16;20;30;44;4
Samedi;26/09/2009;2;21;25;37;43;9
Mercredi;23/09/2009;4;5;24;42;47;6
Lundi;21/09/2009;3;4;7;38;46;2
Samedi;19/09/2009;12;19;27;33;38;7
Mercredi;16/09/2009;7;21;25;30;40;1
Lundi;14/09/2009;9;18;22;32;43;1
Samedi;12/09/2009;4;7;11;29;41;4
Mercredi;09/09/2009;1;7;12;22;23;4
Lundi;07/09/2009;4;8;21;31;39;2
Samedi;05/09/2009;1;17;20;37;44;8
Mercredi;02/09/2009;5;6;12;15;17;1
Lundi;31 aout 2009;1;5;13;16;20;2
Samedi;29 aout 2009;7;19;23;27;34;7
Mercredi;26 aout 2009;7;14;31;38;44;1
Lundi;24 aout 2009;11;18;22;28;33;2
Samedi;22 aout 2009;8;21;27;29;31;10
Mercredi;19 aout 2009;7;28;33;35;42;10
Lundi;17 aout 2009;2;9;14;17;25;9
Samedi;15 aout 2009;1;24;27;32;41;9
Mercredi;12 aout 2009;6;17;33;34;39;5
Lundi;10 aout 2009;2;5;22;24;31;6
Samedi;08 aout 2009;2;16;20;38;41;9
Mercredi;05 aout 2009;10;20;29;40;43;7
Lundi;03 aout 2009;9;18;26;38;49;8
Samedi;01 aout 2009;10;18;22;44;45;6
Mercredi;29/07/2009;3;14;16;25;35;3
Lundi;27/07/2009;7;13;18;47;48;4
Samedi;25/07/2009;3;14;27;33;40;9
Mercredi;22/07/2009;17;24;28;35;45;6
Lundi;20/07/2009;5;23;27;34;44;1
Samedi;18/07/2009;9;14;26;34;44;9
Mercredi;15/07/2009;1;4;14;23;25;10
Lundi;13/07/2009;2;18;20;26;34;1
Samedi;11/07/2009;5;14;17;35;42;1
Mercredi;08/07/2009;4;5;6;10;16;3
Lundi;06/07/2009;12;31;32;44;45;2
Samedi;04/07/2009;4;8;27;39;43;3
Mercredi;01/07/2009;5;13;28;29;34;4
Lundi;29/06/2009;9;10;28;35;43;8
Samedi;27/06/2009;3;4;6;13;41;8
Mercredi;24/06/2009;4;16;17;21;22;1
Lundi;22/06/2009;17;28;36;41;42;4
Samedi;20/06/2009;21;26;27;33;49;7
Mercredi;17/06/2009;3;8;27;37;41;2
Lundi;15/06/2009;11;21;40;41;49;4
Samedi;13/06/2009;16;24;28;39;46;4
Mercredi;10/06/2009;27;42;45;48;49;7
Lundi;08/06/2009;22;25;29;31;41;5
Samedi;06/06/2009;13;15;32;33;46;10
Mercredi;03/06/2009;14;21;26;32;46;6
Lundi;01/06/2009;18;24;26;35;47;1
Samedi;30/05/2009;10;14;25;30;34;9
Mercredi;27/05/2009;3;5;7;23;48;7
Lundi;25/05/2009;3;6;25;40;46;4
Samedi;23/05/2009;3;13;25;33;38;3
Mercredi;20/05/2009;3;15;23;28;35;10
Lundi;18/05/2009;26;28;34;35;49;4
Samedi;16/05/2009;1;2;7;26;44;9
Mercredi;13/05/2009;12;36;38;39;49;10
Lundi;11/05/2009;9;15;27;34;48;6
Samedi;09/05/2009;20;22;28;30;45;3
Mercredi;06/05/2009;13;20;36;44;48;1
Lundi;04/05/2009;1;12;23;33;46;1
Samedi;02/05/2009;5;7;11;15;23;1
Mercredi;29/04/2009;4;15;26;29;30;3
Lundi;27/04/2009;4;9;21;34;37;2
Samedi;25/04/2009;9;20;23;34;49;8
Mercredi;22/04/2009;2;31;33;43;49;9
Lundi;20/04/2009;11;12;34;38;43;3
Samedi;18/04/2009;12;20;31;32;45;8
Mercredi;15/04/2009;12;23;37;39;43;8
Lundi;13/04/2009;9;11;20;24;30;1
Samedi;11/04/2009;2;5;19;21;23;7
Mercredi;08/04/2009;7;10;33;34;46;6
Lundi;06/04/2009;28;31;33;43;48;7
Samedi;04/04/2009;8;27;37;41;45;6
Mercredi;01/04/2009;22;27;30;37;45;3
Lundi;30/03/2009;24;29;32;45;47;10
Samedi;28/03/2009;19;22;23;26;27;2
Mercredi;25/03/2009;5;10;15;33;34;7
Lundi;23/03/2009;1;2;10;25;33;4
Samedi;21/03/2009;2;15;32;39;45;10
Mercredi;18/03/2009;3;20;34;39;42;2
Lundi;16/03/2009;27;35;36;44;45;2
Samedi;14/03/2009;11;18;20;27;38;6
Vendredi;13/03/2009;6;9;12;14;34;6
Mercredi;11/03/2009;4;7;8;11;22;5
Lundi;09/03/2009;3;5;27;32;40;9
Samedi;07/03/2009;2;15;22;24;36;8
Mercredi;04/03/2009;7;9;10;25;29;6
Lundi;02/03/2009;8;14;29;41;48;10
Samedi;28 fevrier 2009;14;16;25;41;45;10
Mercredi;25 fevrier 2009;4;15;21;30;36;4
Lundi;23 fevrier 2009;3;14;22;31;34;7
Samedi;21 fevrier 2009;21;39;40;47;48;5
Mercredi;18 fevrier 2009;10;23;28;40;43;9
Lundi;16 fevrier 2009;16;21;23;29;46;4
Samedi;14 fevrier 2009;12;16;18;24;44;4
Vendredi;13 fevrier 2009;6;8;26;37;43;3
Mercredi;11 fevrier 2009;1;10;14;35;46;8
Lundi;09 fevrier 2009;3;13;17;31;46;5
Samedi;07 fevrier 2009;4;16;22;34;49;10
Mercredi;04 fevrier 2009;10;20;27;43;47;3
Lundi;02 fevrier 2009;4;12;31;38;41;8
Samedi;31/01/2009;6;18;31;36;40;7
Mercredi;28/01/2009;7;38;40;41;46;5
Lundi;26/01/2009;8;10;13;39;49;10
Samedi;24/01/2009;5;15;20;28;40;10
Mercredi;21/01/2009;3;10;32;35;47;3
Lundi;19/01/2009;7;26;32;38;39;9
Samedi;17/01/2009;2;5;27;37;46;4
Mercredi;14/01/2009;1;5;13;19;42;3
Lundi;12/01/2009;4;9;11;29;47;8
Samedi;10/01/2009;10;21;40;44;49;2
Mercredi;07/01/2009;9;11;33;37;39;8
Lundi;05/01/2009;8;11;25;29;36;2
Samedi;03/01/2009;12;22;24;38;47;1
Mercredi;31 decembre 2008;5;11;20;24;30;8
Lundi;29 decembre 2008;14;21;26;27;38;4
Samedi;27 decembre 2008;17;36;37;47;49;10
Mercredi;24 decembre 2008;2;4;27;33;41;5
Lundi;22 decembre 2008;2;5;27;35;48;3
Samedi;20 decembre 2008;2;22;26;41;46;5
Mercredi;17 decembre 2008;13;31;33;44;49;9
Lundi;15 decembre 2008;2;5;15;27;48;8
Samedi;13 decembre 2008;8;24;31;38;42;7
Mercredi;10 decembre 2008;10;11;35;38;41;3
Lundi;08 decembre 2008;1;11;15;29;31;8
Samedi;06 decembre 2008;2;5;13;24;48;4
Mercredi;03 decembre 2008;26;29;31;34;42;10
Lundi;01 decembre 2008;15;19;32;37;38;1
Samedi;29/11/2008;18;20;22;32;36;7
Mercredi;26/11/2008;11;13;25;28;49;5
Lundi;24/11/2008;17;30;31;36;43;8
Samedi;22/11/2008;12;20;30;36;45;6
Mercredi;19/11/2008;2;26;34;37;41;4
Lundi;17/11/2008;1;6;19;23;41;6
Samedi;15/11/2008;10;22;41;43;48;3
Mercredi;12/11/2008;23;34;35;40;45;5
Lundi;10/11/2008;9;12;21;38;45;6
Samedi;08/11/2008;5;22;25;33;35;9
Mercredi;05/11/2008;4;8;15;38;47;7
Lundi;03/11/2008;2;20;23;24;26;8
Samedi;01/11/2008;4;22;27;36;45;3
Mercredi;29/10/2008;22;28;41;43;49;4
Lundi;27/10/2008;4;6;37;44;46;2
Samedi;25/10/2008;11;13;19;22;46;3
Mercredi;22/10/2008;11;12;14;28;48;2
Lundi;20/10/2008;7;15;31;43;48;3
Samedi;18/10/2008;4;32;35;39;44;10
Mercredi;15/10/2008;18;20;28;40;49;1
Lundi;13/10/2008;10;11;37;41;48;4
Samedi;11/10/2008;10;20;22;39;46;4
Mercredi;08/10/2008;22;24;32;41;48;1
Lundi;06/10/2008;19;24;27;33;41;9
